,Unnamed: 0,time,row_384,column_384,rfu_value,replicate,gRNA,target,cas12a,hours,minutes,seconds
0,0,00:00:00,A,1,131.026,a,alt-R_11C,500,NEB-Cas12a,00,00,00
1,1,00:00:00,B,1,16.366,a,alt-R_11C,5,NEB-Cas12a,00,00,00
2,2,00:00:00,C,1,448.151,a,alt-R_11C,500,IDT-Cas12a,00,00,00
3,3,00:00:00,D,1,20.931,a,alt-R_11C,5,IDT-Cas12a,00,00,00
4,4,00:00:00,A,3,151.33,b,alt-R_11C,500,NEB-Cas12a,00,00,00
5,5,00:00:00,B,3,17.108,b,alt-R_11C,5,NEB-Cas12a,00,00,00
6,6,00:00:00,C,3,447.689,b,alt-R_11C,500,IDT-Cas12a,00,00,00
7,7,00:00:00,D,3,19.681,b,alt-R_11C,5,IDT-Cas12a,00,00,00
8,8,00:00:00,A,5,157.126,c,alt-R_11C,500,NEB-Cas12a,00,00,00
9,9,00:00:00,B,5,15.267,c,alt-R_11C,5,NEB-Cas12a,00,00,00
10,10,00:00:00,C,5,439.494,c,alt-R_11C,500,IDT-Cas12a,00,00,00
11,11,00:00:00,D,5,24.123,c,alt-R_11C,5,IDT-Cas12a,00,00,00
12,12,00:00:00,A,7,141.092,a,syn_11C,500,NEB-Cas12a,00,00,00
13,13,00:00:00,B,7,14.165,a,syn_11C,5,NEB-Cas12a,00,00,00
14,14,00:00:00,C,7,426.13,a,syn_11C,500,IDT-Cas12a,00,00,00
15,15,00:00:00,D,7,22.187,a,syn_11C,5,IDT-Cas12a,00,00,00
16,16,00:00:00,A,9,160.014,b,syn_11C,500,NEB-Cas12a,00,00,00
17,17,00:00:00,B,9,13.98,b,syn_11C,5,NEB-Cas12a,00,00,00
18,18,00:00:00,C,9,460.551,b,syn_11C,500,IDT-Cas12a,00,00,00
19,19,00:00:00,D,9,20.93,b,syn_11C,5,IDT-Cas12a,00,00,00
20,20,00:00:00,A,11,151.793,c,syn_11C,500,NEB-Cas12a,00,00,00
21,21,00:00:00,B,11,13.858,c,syn_11C,5,NEB-Cas12a,00,00,00
22,22,00:00:00,C,11,442.14,c,syn_11C,500,IDT-Cas12a,00,00,00
23,23,00:00:00,D,11,22.734,c,syn_11C,5,IDT-Cas12a,00,00,00
24,24,00:00:00,A,13,100.122,a,alt-R_11C,50,NEB-Cas12a,00,00,00
25,25,00:00:00,B,13,4.356,a,alt-R_11C,0,NEB-Cas12a,00,00,00
26,26,00:00:00,C,13,177.832,a,alt-R_11C,50,IDT-Cas12a,00,00,00
27,27,00:00:00,D,13,4.212,a,alt-R_11C,0,IDT-Cas12a,00,00,00
28,28,00:00:00,A,15,95.66,b,alt-R_11C,50,NEB-Cas12a,00,00,00
29,29,00:00:00,B,15,4.1560000000000015,b,alt-R_11C,0,NEB-Cas12a,00,00,00
30,30,00:00:00,C,15,172.69,b,alt-R_11C,50,IDT-Cas12a,00,00,00
31,31,00:00:00,D,15,4.131,b,alt-R_11C,0,IDT-Cas12a,00,00,00
32,32,00:00:00,A,17,121.573,c,alt-R_11C,50,NEB-Cas12a,00,00,00
33,33,00:00:00,B,17,4.394,c,alt-R_11C,0,NEB-Cas12a,00,00,00
34,34,00:00:00,C,17,200.811,c,alt-R_11C,50,IDT-Cas12a,00,00,00
35,35,00:00:00,D,17,3.807,c,alt-R_11C,0,IDT-Cas12a,00,00,00
36,36,00:00:00,A,19,99.171,a,syn_11C,50,NEB-Cas12a,00,00,00
37,37,00:00:00,B,19,4.249,a,syn_11C,0,NEB-Cas12a,00,00,00
38,38,00:00:00,C,19,189.217,a,syn_11C,50,IDT-Cas12a,00,00,00
39,39,00:00:00,D,19,3.5980000000000003,a,syn_11C,0,IDT-Cas12a,00,00,00
40,40,00:00:00,A,21,97.878,b,syn_11C,50,NEB-Cas12a,00,00,00
41,41,00:00:00,B,21,4.142,b,syn_11C,0,NEB-Cas12a,00,00,00
42,42,00:00:00,C,21,192.26,b,syn_11C,50,IDT-Cas12a,00,00,00
43,43,00:00:00,D,21,3.688,b,syn_11C,0,IDT-Cas12a,00,00,00
44,44,00:00:00,A,23,88.40299999999998,c,syn_11C,50,NEB-Cas12a,00,00,00
45,45,00:00:00,B,23,4.199,c,syn_11C,0,NEB-Cas12a,00,00,00
46,46,00:00:00,C,23,170.63,c,syn_11C,50,IDT-Cas12a,00,00,00
47,47,00:00:00,D,23,3.409,c,syn_11C,0,IDT-Cas12a,00,00,00
48,48,00:10:00,A,1,279.086,a,alt-R_11C,500,NEB-Cas12a,00,10,00
49,49,00:10:00,B,1,38.17,a,alt-R_11C,5,NEB-Cas12a,00,10,00
50,50,00:10:00,C,1,435.614,a,alt-R_11C,500,IDT-Cas12a,00,10,00
51,51,00:10:00,D,1,60.698,a,alt-R_11C,5,IDT-Cas12a,00,10,00
52,52,00:10:00,A,3,316.749,b,alt-R_11C,500,NEB-Cas12a,00,10,00
53,53,00:10:00,B,3,42.092,b,alt-R_11C,5,NEB-Cas12a,00,10,00
54,54,00:10:00,C,3,438.103,b,alt-R_11C,500,IDT-Cas12a,00,10,00
55,55,00:10:00,D,3,60.431,b,alt-R_11C,5,IDT-Cas12a,00,10,00
56,56,00:10:00,A,5,331.117,c,alt-R_11C,500,NEB-Cas12a,00,10,00
57,57,00:10:00,B,5,39.649,c,alt-R_11C,5,NEB-Cas12a,00,10,00
58,58,00:10:00,C,5,428.143,c,alt-R_11C,500,IDT-Cas12a,00,10,00
59,59,00:10:00,D,5,79.33800000000002,c,alt-R_11C,5,IDT-Cas12a,00,10,00
60,60,00:10:00,A,7,286.454,a,syn_11C,500,NEB-Cas12a,00,10,00
61,61,00:10:00,B,7,34.248000000000005,a,syn_11C,5,NEB-Cas12a,00,10,00
62,62,00:10:00,C,7,423.143,a,syn_11C,500,IDT-Cas12a,00,10,00
63,63,00:10:00,D,7,66.758,a,syn_11C,5,IDT-Cas12a,00,10,00
64,64,00:10:00,A,9,317.339,b,syn_11C,500,NEB-Cas12a,00,10,00
65,65,00:10:00,B,9,34.64,b,syn_11C,5,NEB-Cas12a,00,10,00
66,66,00:10:00,C,9,444.48,b,syn_11C,500,IDT-Cas12a,00,10,00
67,67,00:10:00,D,9,65.32600000000001,b,syn_11C,5,IDT-Cas12a,00,10,00
68,68,00:10:00,A,11,306.634,c,syn_11C,500,NEB-Cas12a,00,10,00
69,69,00:10:00,B,11,33.844,c,syn_11C,5,NEB-Cas12a,00,10,00
70,70,00:10:00,C,11,430.429,c,syn_11C,500,IDT-Cas12a,00,10,00
71,71,00:10:00,D,11,69.069,c,syn_11C,5,IDT-Cas12a,00,10,00
72,72,00:10:00,A,13,248.273,a,alt-R_11C,50,NEB-Cas12a,00,10,00
73,73,00:10:00,B,13,4.137,a,alt-R_11C,0,NEB-Cas12a,00,10,00
74,74,00:10:00,C,13,399.893,a,alt-R_11C,50,IDT-Cas12a,00,10,00
75,75,00:10:00,D,13,4.046,a,alt-R_11C,0,IDT-Cas12a,00,10,00
76,76,00:10:00,A,15,239.666,b,alt-R_11C,50,NEB-Cas12a,00,10,00
77,77,00:10:00,B,15,4.265,b,alt-R_11C,0,NEB-Cas12a,00,10,00
78,78,00:10:00,C,15,389.8,b,alt-R_11C,50,IDT-Cas12a,00,10,00
79,79,00:10:00,D,15,3.995,b,alt-R_11C,0,IDT-Cas12a,00,10,00
80,80,00:10:00,A,17,295.249,c,alt-R_11C,50,NEB-Cas12a,00,10,00
81,81,00:10:00,B,17,4.181,c,alt-R_11C,0,NEB-Cas12a,00,10,00
82,82,00:10:00,C,17,425.749,c,alt-R_11C,50,IDT-Cas12a,00,10,00
83,83,00:10:00,D,17,3.83,c,alt-R_11C,0,IDT-Cas12a,00,10,00
84,84,00:10:00,A,19,226.499,a,syn_11C,50,NEB-Cas12a,00,10,00
85,85,00:10:00,B,19,3.787,a,syn_11C,0,NEB-Cas12a,00,10,00
86,86,00:10:00,C,19,381.477,a,syn_11C,50,IDT-Cas12a,00,10,00
87,87,00:10:00,D,19,3.372,a,syn_11C,0,IDT-Cas12a,00,10,00
88,88,00:10:00,A,21,221.375,b,syn_11C,50,NEB-Cas12a,00,10,00
89,89,00:10:00,B,21,4.255,b,syn_11C,0,NEB-Cas12a,00,10,00
90,90,00:10:00,C,21,371.168,b,syn_11C,50,IDT-Cas12a,00,10,00
91,91,00:10:00,D,21,3.911,b,syn_11C,0,IDT-Cas12a,00,10,00
92,92,00:10:00,A,23,197.654,c,syn_11C,50,NEB-Cas12a,00,10,00
93,93,00:10:00,B,23,4.526,c,syn_11C,0,NEB-Cas12a,00,10,00
94,94,00:10:00,C,23,328.24300000000005,c,syn_11C,50,IDT-Cas12a,00,10,00
95,95,00:10:00,D,23,3.515,c,syn_11C,0,IDT-Cas12a,00,10,00
96,96,00:20:00,A,1,368.31,a,alt-R_11C,500,NEB-Cas12a,00,20,00
97,97,00:20:00,B,1,68.411,a,alt-R_11C,5,NEB-Cas12a,00,20,00
98,98,00:20:00,C,1,418.855,a,alt-R_11C,500,IDT-Cas12a,00,20,00
99,99,00:20:00,D,1,112.791,a,alt-R_11C,5,IDT-Cas12a,00,20,00
100,100,00:20:00,A,3,387.871,b,alt-R_11C,500,NEB-Cas12a,00,20,00
101,101,00:20:00,B,3,76.548,b,alt-R_11C,5,NEB-Cas12a,00,20,00
102,102,00:20:00,C,3,428.927,b,alt-R_11C,500,IDT-Cas12a,00,20,00
103,103,00:20:00,D,3,113.374,b,alt-R_11C,5,IDT-Cas12a,00,20,00
104,104,00:20:00,A,5,394.686,c,alt-R_11C,500,NEB-Cas12a,00,20,00
105,105,00:20:00,B,5,71.718,c,alt-R_11C,5,NEB-Cas12a,00,20,00
106,106,00:20:00,C,5,412.439,c,alt-R_11C,500,IDT-Cas12a,00,20,00
107,107,00:20:00,D,5,153.44,c,alt-R_11C,5,IDT-Cas12a,00,20,00
108,108,00:20:00,A,7,352.06,a,syn_11C,500,NEB-Cas12a,00,20,00
109,109,00:20:00,B,7,59.274,a,syn_11C,5,NEB-Cas12a,00,20,00
110,110,00:20:00,C,7,402.783,a,syn_11C,500,IDT-Cas12a,00,20,00
111,111,00:20:00,D,7,122.289,a,syn_11C,5,IDT-Cas12a,00,20,00
112,112,00:20:00,A,9,388.734,b,syn_11C,500,NEB-Cas12a,00,20,00
113,113,00:20:00,B,9,61.276,b,syn_11C,5,NEB-Cas12a,00,20,00
114,114,00:20:00,C,9,431.647,b,syn_11C,500,IDT-Cas12a,00,20,00
115,115,00:20:00,D,9,118.285,b,syn_11C,5,IDT-Cas12a,00,20,00
116,116,00:20:00,A,11,372.867,c,syn_11C,500,NEB-Cas12a,00,20,00
117,117,00:20:00,B,11,58.26,c,syn_11C,5,NEB-Cas12a,00,20,00
118,118,00:20:00,C,11,415.864,c,syn_11C,500,IDT-Cas12a,00,20,00
119,119,00:20:00,D,11,126.518,c,syn_11C,5,IDT-Cas12a,00,20,00
120,120,00:20:00,A,13,358.66,a,alt-R_11C,50,NEB-Cas12a,00,20,00
121,121,00:20:00,B,13,3.925,a,alt-R_11C,0,NEB-Cas12a,00,20,00
122,122,00:20:00,C,13,417.614,a,alt-R_11C,50,IDT-Cas12a,00,20,00
123,123,00:20:00,D,13,4.038,a,alt-R_11C,0,IDT-Cas12a,00,20,00
124,124,00:20:00,A,15,351.869,b,alt-R_11C,50,NEB-Cas12a,00,20,00
125,125,00:20:00,B,15,4.235,b,alt-R_11C,0,NEB-Cas12a,00,20,00
126,126,00:20:00,C,15,405.515,b,alt-R_11C,50,IDT-Cas12a,00,20,00
127,127,00:20:00,D,15,4.072,b,alt-R_11C,0,IDT-Cas12a,00,20,00
128,128,00:20:00,A,17,393.995,c,alt-R_11C,50,NEB-Cas12a,00,20,00
129,129,00:20:00,B,17,3.934,c,alt-R_11C,0,NEB-Cas12a,00,20,00
130,130,00:20:00,C,17,430.154,c,alt-R_11C,50,IDT-Cas12a,00,20,00
131,131,00:20:00,D,17,4.0280000000000005,c,alt-R_11C,0,IDT-Cas12a,00,20,00
132,132,00:20:00,A,19,314.988,a,syn_11C,50,NEB-Cas12a,00,20,00
133,133,00:20:00,B,19,3.964,a,syn_11C,0,NEB-Cas12a,00,20,00
134,134,00:20:00,C,19,391.152,a,syn_11C,50,IDT-Cas12a,00,20,00
135,135,00:20:00,D,19,3.619,a,syn_11C,0,IDT-Cas12a,00,20,00
136,136,00:20:00,A,21,304.266,b,syn_11C,50,NEB-Cas12a,00,20,00
137,137,00:20:00,B,21,4.302,b,syn_11C,0,NEB-Cas12a,00,20,00
138,138,00:20:00,C,21,375.298,b,syn_11C,50,IDT-Cas12a,00,20,00
139,139,00:20:00,D,21,3.417,b,syn_11C,0,IDT-Cas12a,00,20,00
140,140,00:20:00,A,23,270.039,c,syn_11C,50,NEB-Cas12a,00,20,00
141,141,00:20:00,B,23,4.229,c,syn_11C,0,NEB-Cas12a,00,20,00
142,142,00:20:00,C,23,335.4980000000001,c,syn_11C,50,IDT-Cas12a,00,20,00
143,143,00:20:00,D,23,3.502,c,syn_11C,0,IDT-Cas12a,00,20,00
144,144,00:30:00,A,1,384.904,a,alt-R_11C,500,NEB-Cas12a,00,30,00
145,145,00:30:00,B,1,99.006,a,alt-R_11C,5,NEB-Cas12a,00,30,00
146,146,00:30:00,C,1,401.909,a,alt-R_11C,500,IDT-Cas12a,00,30,00
147,147,00:30:00,D,1,161.252,a,alt-R_11C,5,IDT-Cas12a,00,30,00
148,148,00:30:00,A,3,389.467,b,alt-R_11C,500,NEB-Cas12a,00,30,00
149,149,00:30:00,B,3,112.622,b,alt-R_11C,5,NEB-Cas12a,00,30,00
150,150,00:30:00,C,3,409.244,b,alt-R_11C,500,IDT-Cas12a,00,30,00
151,151,00:30:00,D,3,164.947,b,alt-R_11C,5,IDT-Cas12a,00,30,00
152,152,00:30:00,A,5,396.587,c,alt-R_11C,500,NEB-Cas12a,00,30,00
153,153,00:30:00,B,5,104.988,c,alt-R_11C,5,NEB-Cas12a,00,30,00
154,154,00:30:00,C,5,394.155,c,alt-R_11C,500,IDT-Cas12a,00,30,00
155,155,00:30:00,D,5,219.841,c,alt-R_11C,5,IDT-Cas12a,00,30,00
156,156,00:30:00,A,7,363.11800000000005,a,syn_11C,500,NEB-Cas12a,00,30,00
157,157,00:30:00,B,7,84.036,a,syn_11C,5,NEB-Cas12a,00,30,00
158,158,00:30:00,C,7,389.527,a,syn_11C,500,IDT-Cas12a,00,30,00
159,159,00:30:00,D,7,170.15,a,syn_11C,5,IDT-Cas12a,00,30,00
160,160,00:30:00,A,9,395.444,b,syn_11C,500,NEB-Cas12a,00,30,00
161,161,00:30:00,B,9,86.323,b,syn_11C,5,NEB-Cas12a,00,30,00
162,162,00:30:00,C,9,413.728,b,syn_11C,500,IDT-Cas12a,00,30,00
163,163,00:30:00,D,9,166.757,b,syn_11C,5,IDT-Cas12a,00,30,00
164,164,00:30:00,A,11,385.805,c,syn_11C,500,NEB-Cas12a,00,30,00
165,165,00:30:00,B,11,82.0,c,syn_11C,5,NEB-Cas12a,00,30,00
166,166,00:30:00,C,11,402.26,c,syn_11C,500,IDT-Cas12a,00,30,00
167,167,00:30:00,D,11,177.49200000000005,c,syn_11C,5,IDT-Cas12a,00,30,00
168,168,00:30:00,A,13,386.709,a,alt-R_11C,50,NEB-Cas12a,00,30,00
169,169,00:30:00,B,13,4.0710000000000015,a,alt-R_11C,0,NEB-Cas12a,00,30,00
170,170,00:30:00,C,13,402.082,a,alt-R_11C,50,IDT-Cas12a,00,30,00
171,171,00:30:00,D,13,3.807,a,alt-R_11C,0,IDT-Cas12a,00,30,00
172,172,00:30:00,A,15,384.918,b,alt-R_11C,50,NEB-Cas12a,00,30,00
173,173,00:30:00,B,15,4.022,b,alt-R_11C,0,NEB-Cas12a,00,30,00
174,174,00:30:00,C,15,391.706,b,alt-R_11C,50,IDT-Cas12a,00,30,00
175,175,00:30:00,D,15,3.975,b,alt-R_11C,0,IDT-Cas12a,00,30,00
176,176,00:30:00,A,17,407.527,c,alt-R_11C,50,NEB-Cas12a,00,30,00
177,177,00:30:00,B,17,4.095,c,alt-R_11C,0,NEB-Cas12a,00,30,00
178,178,00:30:00,C,17,416.735,c,alt-R_11C,50,IDT-Cas12a,00,30,00
179,179,00:30:00,D,17,3.75,c,alt-R_11C,0,IDT-Cas12a,00,30,00
180,180,00:30:00,A,19,343.9240000000001,a,syn_11C,50,NEB-Cas12a,00,30,00
181,181,00:30:00,B,19,3.832,a,syn_11C,0,NEB-Cas12a,00,30,00
182,182,00:30:00,C,19,376.726,a,syn_11C,50,IDT-Cas12a,00,30,00
183,183,00:30:00,D,19,3.576,a,syn_11C,0,IDT-Cas12a,00,30,00
184,184,00:30:00,A,21,334.898,b,syn_11C,50,NEB-Cas12a,00,30,00
185,185,00:30:00,B,21,4.047,b,syn_11C,0,NEB-Cas12a,00,30,00
186,186,00:30:00,C,21,364.6,b,syn_11C,50,IDT-Cas12a,00,30,00
187,187,00:30:00,D,21,3.557,b,syn_11C,0,IDT-Cas12a,00,30,00
188,188,00:30:00,A,23,296.439,c,syn_11C,50,NEB-Cas12a,00,30,00
189,189,00:30:00,B,23,4.075,c,syn_11C,0,NEB-Cas12a,00,30,00
190,190,00:30:00,C,23,327.027,c,syn_11C,50,IDT-Cas12a,00,30,00
191,191,00:30:00,D,23,3.145,c,syn_11C,0,IDT-Cas12a,00,30,00
192,192,00:40:00,A,1,394.753,a,alt-R_11C,500,NEB-Cas12a,00,40,00
193,193,00:40:00,B,1,134.96200000000002,a,alt-R_11C,5,NEB-Cas12a,00,40,00
194,194,00:40:00,C,1,403.215,a,alt-R_11C,500,IDT-Cas12a,00,40,00
195,195,00:40:00,D,1,212.148,a,alt-R_11C,5,IDT-Cas12a,00,40,00
196,196,00:40:00,A,3,395.253,b,alt-R_11C,500,NEB-Cas12a,00,40,00
197,197,00:40:00,B,3,150.827,b,alt-R_11C,5,NEB-Cas12a,00,40,00
198,198,00:40:00,C,3,408.348,b,alt-R_11C,500,IDT-Cas12a,00,40,00
199,199,00:40:00,D,3,214.632,b,alt-R_11C,5,IDT-Cas12a,00,40,00
200,200,00:40:00,A,5,399.595,c,alt-R_11C,500,NEB-Cas12a,00,40,00
201,201,00:40:00,B,5,141.137,c,alt-R_11C,5,NEB-Cas12a,00,40,00
202,202,00:40:00,C,5,396.093,c,alt-R_11C,500,IDT-Cas12a,00,40,00
203,203,00:40:00,D,5,279.531,c,alt-R_11C,5,IDT-Cas12a,00,40,00
204,204,00:40:00,A,7,366.34,a,syn_11C,500,NEB-Cas12a,00,40,00
205,205,00:40:00,B,7,112.153,a,syn_11C,5,NEB-Cas12a,00,40,00
206,206,00:40:00,C,7,391.78,a,syn_11C,500,IDT-Cas12a,00,40,00
207,207,00:40:00,D,7,217.437,a,syn_11C,5,IDT-Cas12a,00,40,00
208,208,00:40:00,A,9,401.789,b,syn_11C,500,NEB-Cas12a,00,40,00
209,209,00:40:00,B,9,114.113,b,syn_11C,5,NEB-Cas12a,00,40,00
210,210,00:40:00,C,9,411.737,b,syn_11C,500,IDT-Cas12a,00,40,00
211,211,00:40:00,D,9,216.136,b,syn_11C,5,IDT-Cas12a,00,40,00
212,212,00:40:00,A,11,389.805,c,syn_11C,500,NEB-Cas12a,00,40,00
213,213,00:40:00,B,11,109.453,c,syn_11C,5,NEB-Cas12a,00,40,00
214,214,00:40:00,C,11,402.679,c,syn_11C,500,IDT-Cas12a,00,40,00
215,215,00:40:00,D,11,225.703,c,syn_11C,5,IDT-Cas12a,00,40,00
216,216,00:40:00,A,13,393.849,a,alt-R_11C,50,NEB-Cas12a,00,40,00
217,217,00:40:00,B,13,3.971,a,alt-R_11C,0,NEB-Cas12a,00,40,00
218,218,00:40:00,C,13,401.99300000000005,a,alt-R_11C,50,IDT-Cas12a,00,40,00
219,219,00:40:00,D,13,3.963,a,alt-R_11C,0,IDT-Cas12a,00,40,00
220,220,00:40:00,A,15,395.029,b,alt-R_11C,50,NEB-Cas12a,00,40,00
221,221,00:40:00,B,15,3.917,b,alt-R_11C,0,NEB-Cas12a,00,40,00
222,222,00:40:00,C,15,393.32,b,alt-R_11C,50,IDT-Cas12a,00,40,00
223,223,00:40:00,D,15,3.752,b,alt-R_11C,0,IDT-Cas12a,00,40,00
224,224,00:40:00,A,17,411.807,c,alt-R_11C,50,NEB-Cas12a,00,40,00
225,225,00:40:00,B,17,4.307,c,alt-R_11C,0,NEB-Cas12a,00,40,00
226,226,00:40:00,C,17,417.336,c,alt-R_11C,50,IDT-Cas12a,00,40,00
227,227,00:40:00,D,17,3.787,c,alt-R_11C,0,IDT-Cas12a,00,40,00
228,228,00:40:00,A,19,358.59,a,syn_11C,50,NEB-Cas12a,00,40,00
229,229,00:40:00,B,19,4.011,a,syn_11C,0,NEB-Cas12a,00,40,00
230,230,00:40:00,C,19,379.526,a,syn_11C,50,IDT-Cas12a,00,40,00
231,231,00:40:00,D,19,3.555,a,syn_11C,0,IDT-Cas12a,00,40,00
232,232,00:40:00,A,21,347.542,b,syn_11C,50,NEB-Cas12a,00,40,00
233,233,00:40:00,B,21,3.997,b,syn_11C,0,NEB-Cas12a,00,40,00
234,234,00:40:00,C,21,366.679,b,syn_11C,50,IDT-Cas12a,00,40,00
235,235,00:40:00,D,21,3.621,b,syn_11C,0,IDT-Cas12a,00,40,00
236,236,00:40:00,A,23,312.849,c,syn_11C,50,NEB-Cas12a,00,40,00
237,237,00:40:00,B,23,4.329,c,syn_11C,0,NEB-Cas12a,00,40,00
238,238,00:40:00,C,23,329.34,c,syn_11C,50,IDT-Cas12a,00,40,00
239,239,00:40:00,D,23,3.385,c,syn_11C,0,IDT-Cas12a,00,40,00
240,240,00:50:00,A,1,389.83,a,alt-R_11C,500,NEB-Cas12a,00,50,00
241,241,00:50:00,B,1,166.791,a,alt-R_11C,5,NEB-Cas12a,00,50,00
242,242,00:50:00,C,1,398.771,a,alt-R_11C,500,IDT-Cas12a,00,50,00
243,243,00:50:00,D,1,255.282,a,alt-R_11C,5,IDT-Cas12a,00,50,00
244,244,00:50:00,A,3,393.966,b,alt-R_11C,500,NEB-Cas12a,00,50,00
245,245,00:50:00,B,3,187.58900000000003,b,alt-R_11C,5,NEB-Cas12a,00,50,00
246,246,00:50:00,C,3,401.87,b,alt-R_11C,500,IDT-Cas12a,00,50,00
247,247,00:50:00,D,3,254.188,b,alt-R_11C,5,IDT-Cas12a,00,50,00
248,248,00:50:00,A,5,399.171,c,alt-R_11C,500,NEB-Cas12a,00,50,00
249,249,00:50:00,B,5,173.17,c,alt-R_11C,5,NEB-Cas12a,00,50,00
250,250,00:50:00,C,5,394.55300000000005,c,alt-R_11C,500,IDT-Cas12a,00,50,00
251,251,00:50:00,D,5,320.237,c,alt-R_11C,5,IDT-Cas12a,00,50,00
252,252,00:50:00,A,7,369.193,a,syn_11C,500,NEB-Cas12a,00,50,00
253,253,00:50:00,B,7,139.97899999999998,a,syn_11C,5,NEB-Cas12a,00,50,00
254,254,00:50:00,C,7,386.108,a,syn_11C,500,IDT-Cas12a,00,50,00
255,255,00:50:00,D,7,252.803,a,syn_11C,5,IDT-Cas12a,00,50,00
256,256,00:50:00,A,9,400.805,b,syn_11C,500,NEB-Cas12a,00,50,00
257,257,00:50:00,B,9,141.035,b,syn_11C,5,NEB-Cas12a,00,50,00
258,258,00:50:00,C,9,409.237,b,syn_11C,500,IDT-Cas12a,00,50,00
259,259,00:50:00,D,9,250.989,b,syn_11C,5,IDT-Cas12a,00,50,00
260,260,00:50:00,A,11,389.99300000000005,c,syn_11C,500,NEB-Cas12a,00,50,00
261,261,00:50:00,B,11,133.174,c,syn_11C,5,NEB-Cas12a,00,50,00
262,262,00:50:00,C,11,399.972,c,syn_11C,500,IDT-Cas12a,00,50,00
263,263,00:50:00,D,11,266.858,c,syn_11C,5,IDT-Cas12a,00,50,00
264,264,00:50:00,A,13,399.195,a,alt-R_11C,50,NEB-Cas12a,00,50,00
265,265,00:50:00,B,13,4.104,a,alt-R_11C,0,NEB-Cas12a,00,50,00
266,266,00:50:00,C,13,400.554,a,alt-R_11C,50,IDT-Cas12a,00,50,00
267,267,00:50:00,D,13,4.043,a,alt-R_11C,0,IDT-Cas12a,00,50,00
268,268,00:50:00,A,15,395.588,b,alt-R_11C,50,NEB-Cas12a,00,50,00
269,269,00:50:00,B,15,3.945,b,alt-R_11C,0,NEB-Cas12a,00,50,00
270,270,00:50:00,C,15,389.182,b,alt-R_11C,50,IDT-Cas12a,00,50,00
271,271,00:50:00,D,15,3.872,b,alt-R_11C,0,IDT-Cas12a,00,50,00
272,272,00:50:00,A,17,408.233,c,alt-R_11C,50,NEB-Cas12a,00,50,00
273,273,00:50:00,B,17,3.966,c,alt-R_11C,0,NEB-Cas12a,00,50,00
274,274,00:50:00,C,17,413.812,c,alt-R_11C,50,IDT-Cas12a,00,50,00
275,275,00:50:00,D,17,3.618,c,alt-R_11C,0,IDT-Cas12a,00,50,00
276,276,00:50:00,A,19,361.391,a,syn_11C,50,NEB-Cas12a,00,50,00
277,277,00:50:00,B,19,4.07,a,syn_11C,0,NEB-Cas12a,00,50,00
278,278,00:50:00,C,19,380.35,a,syn_11C,50,IDT-Cas12a,00,50,00
279,279,00:50:00,D,19,3.352,a,syn_11C,0,IDT-Cas12a,00,50,00
280,280,00:50:00,A,21,350.712,b,syn_11C,50,NEB-Cas12a,00,50,00
281,281,00:50:00,B,21,3.956,b,syn_11C,0,NEB-Cas12a,00,50,00
282,282,00:50:00,C,21,361.615,b,syn_11C,50,IDT-Cas12a,00,50,00
283,283,00:50:00,D,21,3.445,b,syn_11C,0,IDT-Cas12a,00,50,00
284,284,00:50:00,A,23,313.337,c,syn_11C,50,NEB-Cas12a,00,50,00
285,285,00:50:00,B,23,4.173,c,syn_11C,0,NEB-Cas12a,00,50,00
286,286,00:50:00,C,23,324.2390000000001,c,syn_11C,50,IDT-Cas12a,00,50,00
287,287,00:50:00,D,23,3.485,c,syn_11C,0,IDT-Cas12a,00,50,00
288,288,01:00:00,A,1,381.138,a,alt-R_11C,500,NEB-Cas12a,01,00,00
289,289,01:00:00,B,1,194.031,a,alt-R_11C,5,NEB-Cas12a,01,00,00
290,290,01:00:00,C,1,391.361,a,alt-R_11C,500,IDT-Cas12a,01,00,00
291,291,01:00:00,D,1,284.555,a,alt-R_11C,5,IDT-Cas12a,01,00,00
292,292,01:00:00,A,3,381.725,b,alt-R_11C,500,NEB-Cas12a,01,00,00
293,293,01:00:00,B,3,217.028,b,alt-R_11C,5,NEB-Cas12a,01,00,00
294,294,01:00:00,C,3,395.859,b,alt-R_11C,500,IDT-Cas12a,01,00,00
295,295,01:00:00,D,3,283.686,b,alt-R_11C,5,IDT-Cas12a,01,00,00
296,296,01:00:00,A,5,390.667,c,alt-R_11C,500,NEB-Cas12a,01,00,00
297,297,01:00:00,B,5,201.005,c,alt-R_11C,5,NEB-Cas12a,01,00,00
298,298,01:00:00,C,5,382.872,c,alt-R_11C,500,IDT-Cas12a,01,00,00
299,299,01:00:00,D,5,342.789,c,alt-R_11C,5,IDT-Cas12a,01,00,00
300,300,01:00:00,A,7,361.011,a,syn_11C,500,NEB-Cas12a,01,00,00
301,301,01:00:00,B,7,162.042,a,syn_11C,5,NEB-Cas12a,01,00,00
302,302,01:00:00,C,7,380.29,a,syn_11C,500,IDT-Cas12a,01,00,00
303,303,01:00:00,D,7,281.458,a,syn_11C,5,IDT-Cas12a,01,00,00
304,304,01:00:00,A,9,395.822,b,syn_11C,500,NEB-Cas12a,01,00,00
305,305,01:00:00,B,9,167.331,b,syn_11C,5,NEB-Cas12a,01,00,00
306,306,01:00:00,C,9,403.975,b,syn_11C,500,IDT-Cas12a,01,00,00
307,307,01:00:00,D,9,282.021,b,syn_11C,5,IDT-Cas12a,01,00,00
308,308,01:00:00,A,11,382.271,c,syn_11C,500,NEB-Cas12a,01,00,00
309,309,01:00:00,B,11,156.049,c,syn_11C,5,NEB-Cas12a,01,00,00
310,310,01:00:00,C,11,393.524,c,syn_11C,500,IDT-Cas12a,01,00,00
311,311,01:00:00,D,11,293.4840000000001,c,syn_11C,5,IDT-Cas12a,01,00,00
312,312,01:00:00,A,13,388.26,a,alt-R_11C,50,NEB-Cas12a,01,00,00
313,313,01:00:00,B,13,3.89,a,alt-R_11C,0,NEB-Cas12a,01,00,00
314,314,01:00:00,C,13,392.798,a,alt-R_11C,50,IDT-Cas12a,01,00,00
315,315,01:00:00,D,13,3.881,a,alt-R_11C,0,IDT-Cas12a,01,00,00
316,316,01:00:00,A,15,389.332,b,alt-R_11C,50,NEB-Cas12a,01,00,00
317,317,01:00:00,B,15,3.946,b,alt-R_11C,0,NEB-Cas12a,01,00,00
318,318,01:00:00,C,15,385.094,b,alt-R_11C,50,IDT-Cas12a,01,00,00
319,319,01:00:00,D,15,3.856,b,alt-R_11C,0,IDT-Cas12a,01,00,00
320,320,01:00:00,A,17,404.634,c,alt-R_11C,50,NEB-Cas12a,01,00,00
321,321,01:00:00,B,17,4.237,c,alt-R_11C,0,NEB-Cas12a,01,00,00
322,322,01:00:00,C,17,408.841,c,alt-R_11C,50,IDT-Cas12a,01,00,00
323,323,01:00:00,D,17,3.844,c,alt-R_11C,0,IDT-Cas12a,01,00,00
324,324,01:00:00,A,19,355.147,a,syn_11C,50,NEB-Cas12a,01,00,00
325,325,01:00:00,B,19,4.062,a,syn_11C,0,NEB-Cas12a,01,00,00
326,326,01:00:00,C,19,375.30800000000005,a,syn_11C,50,IDT-Cas12a,01,00,00
327,327,01:00:00,D,19,3.58,a,syn_11C,0,IDT-Cas12a,01,00,00
328,328,01:00:00,A,21,346.432,b,syn_11C,50,NEB-Cas12a,01,00,00
329,329,01:00:00,B,21,4.04,b,syn_11C,0,NEB-Cas12a,01,00,00
330,330,01:00:00,C,21,359.3280000000001,b,syn_11C,50,IDT-Cas12a,01,00,00
331,331,01:00:00,D,21,3.549,b,syn_11C,0,IDT-Cas12a,01,00,00
332,332,01:00:00,A,23,310.24,c,syn_11C,50,NEB-Cas12a,01,00,00
333,333,01:00:00,B,23,4.063,c,syn_11C,0,NEB-Cas12a,01,00,00
334,334,01:00:00,C,23,324.512,c,syn_11C,50,IDT-Cas12a,01,00,00
335,335,01:00:00,D,23,3.717,c,syn_11C,0,IDT-Cas12a,01,00,00
336,336,01:10:00,A,1,380.549,a,alt-R_11C,500,NEB-Cas12a,01,10,00
337,337,01:10:00,B,1,221.075,a,alt-R_11C,5,NEB-Cas12a,01,10,00
338,338,01:10:00,C,1,389.165,a,alt-R_11C,500,IDT-Cas12a,01,10,00
339,339,01:10:00,D,1,308.086,a,alt-R_11C,5,IDT-Cas12a,01,10,00
340,340,01:10:00,A,3,378.737,b,alt-R_11C,500,NEB-Cas12a,01,10,00
341,341,01:10:00,B,3,241.997,b,alt-R_11C,5,NEB-Cas12a,01,10,00
342,342,01:10:00,C,3,391.405,b,alt-R_11C,500,IDT-Cas12a,01,10,00
343,343,01:10:00,D,3,308.507,b,alt-R_11C,5,IDT-Cas12a,01,10,00
344,344,01:10:00,A,5,389.205,c,alt-R_11C,500,NEB-Cas12a,01,10,00
345,345,01:10:00,B,5,231.337,c,alt-R_11C,5,NEB-Cas12a,01,10,00
346,346,01:10:00,C,5,382.422,c,alt-R_11C,500,IDT-Cas12a,01,10,00
347,347,01:10:00,D,5,361.025,c,alt-R_11C,5,IDT-Cas12a,01,10,00
348,348,01:10:00,A,7,360.367,a,syn_11C,500,NEB-Cas12a,01,10,00
349,349,01:10:00,B,7,186.563,a,syn_11C,5,NEB-Cas12a,01,10,00
350,350,01:10:00,C,7,378.97,a,syn_11C,500,IDT-Cas12a,01,10,00
351,351,01:10:00,D,7,303.7940000000001,a,syn_11C,5,IDT-Cas12a,01,10,00
352,352,01:10:00,A,9,391.446,b,syn_11C,500,NEB-Cas12a,01,10,00
353,353,01:10:00,B,9,188.951,b,syn_11C,5,NEB-Cas12a,01,10,00
354,354,01:10:00,C,9,402.103,b,syn_11C,500,IDT-Cas12a,01,10,00
355,355,01:10:00,D,9,307.418,b,syn_11C,5,IDT-Cas12a,01,10,00
356,356,01:10:00,A,11,384.691,c,syn_11C,500,NEB-Cas12a,01,10,00
357,357,01:10:00,B,11,179.354,c,syn_11C,5,NEB-Cas12a,01,10,00
358,358,01:10:00,C,11,389.718,c,syn_11C,500,IDT-Cas12a,01,10,00
359,359,01:10:00,D,11,313.499,c,syn_11C,5,IDT-Cas12a,01,10,00
360,360,01:10:00,A,13,390.894,a,alt-R_11C,50,NEB-Cas12a,01,10,00
361,361,01:10:00,B,13,4.044,a,alt-R_11C,0,NEB-Cas12a,01,10,00
362,362,01:10:00,C,13,396.915,a,alt-R_11C,50,IDT-Cas12a,01,10,00
363,363,01:10:00,D,13,3.813,a,alt-R_11C,0,IDT-Cas12a,01,10,00
364,364,01:10:00,A,15,388.24,b,alt-R_11C,50,NEB-Cas12a,01,10,00
365,365,01:10:00,B,15,3.988,b,alt-R_11C,0,NEB-Cas12a,01,10,00
366,366,01:10:00,C,15,379.435,b,alt-R_11C,50,IDT-Cas12a,01,10,00
367,367,01:10:00,D,15,3.757,b,alt-R_11C,0,IDT-Cas12a,01,10,00
368,368,01:10:00,A,17,399.774,c,alt-R_11C,50,NEB-Cas12a,01,10,00
369,369,01:10:00,B,17,4.024,c,alt-R_11C,0,NEB-Cas12a,01,10,00
370,370,01:10:00,C,17,405.504,c,alt-R_11C,50,IDT-Cas12a,01,10,00
371,371,01:10:00,D,17,3.778,c,alt-R_11C,0,IDT-Cas12a,01,10,00
372,372,01:10:00,A,19,355.074,a,syn_11C,50,NEB-Cas12a,01,10,00
373,373,01:10:00,B,19,3.765,a,syn_11C,0,NEB-Cas12a,01,10,00
374,374,01:10:00,C,19,371.108,a,syn_11C,50,IDT-Cas12a,01,10,00
375,375,01:10:00,D,19,3.3510000000000004,a,syn_11C,0,IDT-Cas12a,01,10,00
376,376,01:10:00,A,21,346.774,b,syn_11C,50,NEB-Cas12a,01,10,00
377,377,01:10:00,B,21,4.126,b,syn_11C,0,NEB-Cas12a,01,10,00
378,378,01:10:00,C,21,357.671,b,syn_11C,50,IDT-Cas12a,01,10,00
379,379,01:10:00,D,21,3.298,b,syn_11C,0,IDT-Cas12a,01,10,00
380,380,01:10:00,A,23,308.89,c,syn_11C,50,NEB-Cas12a,01,10,00
381,381,01:10:00,B,23,3.864,c,syn_11C,0,NEB-Cas12a,01,10,00
382,382,01:10:00,C,23,322.568,c,syn_11C,50,IDT-Cas12a,01,10,00
383,383,01:10:00,D,23,3.362,c,syn_11C,0,IDT-Cas12a,01,10,00
384,384,01:20:00,A,1,378.045,a,alt-R_11C,500,NEB-Cas12a,01,20,00
385,385,01:20:00,B,1,242.67,a,alt-R_11C,5,NEB-Cas12a,01,20,00
386,386,01:20:00,C,1,386.158,a,alt-R_11C,500,IDT-Cas12a,01,20,00
387,387,01:20:00,D,1,322.468,a,alt-R_11C,5,IDT-Cas12a,01,20,00
388,388,01:20:00,A,3,376.837,b,alt-R_11C,500,NEB-Cas12a,01,20,00
389,389,01:20:00,B,3,268.75,b,alt-R_11C,5,NEB-Cas12a,01,20,00
390,390,01:20:00,C,3,391.871,b,alt-R_11C,500,IDT-Cas12a,01,20,00
391,391,01:20:00,D,3,322.427,b,alt-R_11C,5,IDT-Cas12a,01,20,00
392,392,01:20:00,A,5,388.897,c,alt-R_11C,500,NEB-Cas12a,01,20,00
393,393,01:20:00,B,5,249.993,c,alt-R_11C,5,NEB-Cas12a,01,20,00
394,394,01:20:00,C,5,379.945,c,alt-R_11C,500,IDT-Cas12a,01,20,00
395,395,01:20:00,D,5,364.278,c,alt-R_11C,5,IDT-Cas12a,01,20,00
396,396,01:20:00,A,7,359.309,a,syn_11C,500,NEB-Cas12a,01,20,00
397,397,01:20:00,B,7,208.399,a,syn_11C,5,NEB-Cas12a,01,20,00
398,398,01:20:00,C,7,377.163,a,syn_11C,500,IDT-Cas12a,01,20,00
399,399,01:20:00,D,7,316.686,a,syn_11C,5,IDT-Cas12a,01,20,00
400,400,01:20:00,A,9,387.646,b,syn_11C,500,NEB-Cas12a,01,20,00
401,401,01:20:00,B,9,212.46400000000003,b,syn_11C,5,NEB-Cas12a,01,20,00
402,402,01:20:00,C,9,398.276,b,syn_11C,500,IDT-Cas12a,01,20,00
403,403,01:20:00,D,9,325.215,b,syn_11C,5,IDT-Cas12a,01,20,00
404,404,01:20:00,A,11,383.311,c,syn_11C,500,NEB-Cas12a,01,20,00
405,405,01:20:00,B,11,199.938,c,syn_11C,5,NEB-Cas12a,01,20,00
406,406,01:20:00,C,11,387.697,c,syn_11C,500,IDT-Cas12a,01,20,00
407,407,01:20:00,D,11,328.935,c,syn_11C,5,IDT-Cas12a,01,20,00
408,408,01:20:00,A,13,389.269,a,alt-R_11C,50,NEB-Cas12a,01,20,00
409,409,01:20:00,B,13,3.85,a,alt-R_11C,0,NEB-Cas12a,01,20,00
410,410,01:20:00,C,13,394.528,a,alt-R_11C,50,IDT-Cas12a,01,20,00
411,411,01:20:00,D,13,3.741,a,alt-R_11C,0,IDT-Cas12a,01,20,00
412,412,01:20:00,A,15,387.597,b,alt-R_11C,50,NEB-Cas12a,01,20,00
413,413,01:20:00,B,15,3.949,b,alt-R_11C,0,NEB-Cas12a,01,20,00
414,414,01:20:00,C,15,378.728,b,alt-R_11C,50,IDT-Cas12a,01,20,00
415,415,01:20:00,D,15,3.873,b,alt-R_11C,0,IDT-Cas12a,01,20,00
416,416,01:20:00,A,17,398.375,c,alt-R_11C,50,NEB-Cas12a,01,20,00
417,417,01:20:00,B,17,4.081,c,alt-R_11C,0,NEB-Cas12a,01,20,00
418,418,01:20:00,C,17,403.872,c,alt-R_11C,50,IDT-Cas12a,01,20,00
419,419,01:20:00,D,17,3.632,c,alt-R_11C,0,IDT-Cas12a,01,20,00
420,420,01:20:00,A,19,356.329,a,syn_11C,50,NEB-Cas12a,01,20,00
421,421,01:20:00,B,19,3.721,a,syn_11C,0,NEB-Cas12a,01,20,00
422,422,01:20:00,C,19,373.975,a,syn_11C,50,IDT-Cas12a,01,20,00
423,423,01:20:00,D,19,3.442,a,syn_11C,0,IDT-Cas12a,01,20,00
424,424,01:20:00,A,21,344.042,b,syn_11C,50,NEB-Cas12a,01,20,00
425,425,01:20:00,B,21,4.06,b,syn_11C,0,NEB-Cas12a,01,20,00
426,426,01:20:00,C,21,355.32199999999995,b,syn_11C,50,IDT-Cas12a,01,20,00
427,427,01:20:00,D,21,3.57,b,syn_11C,0,IDT-Cas12a,01,20,00
428,428,01:20:00,A,23,308.715,c,syn_11C,50,NEB-Cas12a,01,20,00
429,429,01:20:00,B,23,4.211,c,syn_11C,0,NEB-Cas12a,01,20,00
430,430,01:20:00,C,23,323.288,c,syn_11C,50,IDT-Cas12a,01,20,00
431,431,01:20:00,D,23,3.3510000000000004,c,syn_11C,0,IDT-Cas12a,01,20,00
432,432,01:30:00,A,1,373.869,a,alt-R_11C,500,NEB-Cas12a,01,30,00
433,433,01:30:00,B,1,262.113,a,alt-R_11C,5,NEB-Cas12a,01,30,00
434,434,01:30:00,C,1,380.774,a,alt-R_11C,500,IDT-Cas12a,01,30,00
435,435,01:30:00,D,1,330.841,a,alt-R_11C,5,IDT-Cas12a,01,30,00
436,436,01:30:00,A,3,372.318,b,alt-R_11C,500,NEB-Cas12a,01,30,00
437,437,01:30:00,B,3,286.566,b,alt-R_11C,5,NEB-Cas12a,01,30,00
438,438,01:30:00,C,3,383.571,b,alt-R_11C,500,IDT-Cas12a,01,30,00
439,439,01:30:00,D,3,334.141,b,alt-R_11C,5,IDT-Cas12a,01,30,00
440,440,01:30:00,A,5,384.364,c,alt-R_11C,500,NEB-Cas12a,01,30,00
441,441,01:30:00,B,5,270.188,c,alt-R_11C,5,NEB-Cas12a,01,30,00
442,442,01:30:00,C,5,374.854,c,alt-R_11C,500,IDT-Cas12a,01,30,00
443,443,01:30:00,D,5,371.13,c,alt-R_11C,5,IDT-Cas12a,01,30,00
444,444,01:30:00,A,7,357.005,a,syn_11C,500,NEB-Cas12a,01,30,00
445,445,01:30:00,B,7,227.567,a,syn_11C,5,NEB-Cas12a,01,30,00
446,446,01:30:00,C,7,373.001,a,syn_11C,500,IDT-Cas12a,01,30,00
447,447,01:30:00,D,7,325.6670000000001,a,syn_11C,5,IDT-Cas12a,01,30,00
448,448,01:30:00,A,9,388.67,b,syn_11C,500,NEB-Cas12a,01,30,00
449,449,01:30:00,B,9,230.706,b,syn_11C,5,NEB-Cas12a,01,30,00
450,450,01:30:00,C,9,398.735,b,syn_11C,500,IDT-Cas12a,01,30,00
451,451,01:30:00,D,9,337.652,b,syn_11C,5,IDT-Cas12a,01,30,00
452,452,01:30:00,A,11,382.62,c,syn_11C,500,NEB-Cas12a,01,30,00
453,453,01:30:00,B,11,219.948,c,syn_11C,5,NEB-Cas12a,01,30,00
454,454,01:30:00,C,11,386.43,c,syn_11C,500,IDT-Cas12a,01,30,00
455,455,01:30:00,D,11,337.33,c,syn_11C,5,IDT-Cas12a,01,30,00
456,456,01:30:00,A,13,388.026,a,alt-R_11C,50,NEB-Cas12a,01,30,00
457,457,01:30:00,B,13,3.795,a,alt-R_11C,0,NEB-Cas12a,01,30,00
458,458,01:30:00,C,13,390.996,a,alt-R_11C,50,IDT-Cas12a,01,30,00
459,459,01:30:00,D,13,3.821,a,alt-R_11C,0,IDT-Cas12a,01,30,00
460,460,01:30:00,A,15,387.971,b,alt-R_11C,50,NEB-Cas12a,01,30,00
461,461,01:30:00,B,15,3.853,b,alt-R_11C,0,NEB-Cas12a,01,30,00
462,462,01:30:00,C,15,375.481,b,alt-R_11C,50,IDT-Cas12a,01,30,00
463,463,01:30:00,D,15,4.04,b,alt-R_11C,0,IDT-Cas12a,01,30,00
464,464,01:30:00,A,17,395.208,c,alt-R_11C,50,NEB-Cas12a,01,30,00
465,465,01:30:00,B,17,4.178,c,alt-R_11C,0,NEB-Cas12a,01,30,00
466,466,01:30:00,C,17,400.098,c,alt-R_11C,50,IDT-Cas12a,01,30,00
467,467,01:30:00,D,17,3.644,c,alt-R_11C,0,IDT-Cas12a,01,30,00
468,468,01:30:00,A,19,349.656,a,syn_11C,50,NEB-Cas12a,01,30,00
469,469,01:30:00,B,19,4.015,a,syn_11C,0,NEB-Cas12a,01,30,00
470,470,01:30:00,C,19,373.181,a,syn_11C,50,IDT-Cas12a,01,30,00
471,471,01:30:00,D,19,3.467,a,syn_11C,0,IDT-Cas12a,01,30,00
472,472,01:30:00,A,21,341.055,b,syn_11C,50,NEB-Cas12a,01,30,00
473,473,01:30:00,B,21,3.852,b,syn_11C,0,NEB-Cas12a,01,30,00
474,474,01:30:00,C,21,356.68,b,syn_11C,50,IDT-Cas12a,01,30,00
475,475,01:30:00,D,21,3.617,b,syn_11C,0,IDT-Cas12a,01,30,00
476,476,01:30:00,A,23,309.671,c,syn_11C,50,NEB-Cas12a,01,30,00
477,477,01:30:00,B,23,3.919,c,syn_11C,0,NEB-Cas12a,01,30,00
478,478,01:30:00,C,23,321.67,c,syn_11C,50,IDT-Cas12a,01,30,00
479,479,01:30:00,D,23,3.315,c,syn_11C,0,IDT-Cas12a,01,30,00
480,480,01:40:00,A,1,370.662,a,alt-R_11C,500,NEB-Cas12a,01,40,00
481,481,01:40:00,B,1,280.444,a,alt-R_11C,5,NEB-Cas12a,01,40,00
482,482,01:40:00,C,1,381.535,a,alt-R_11C,500,IDT-Cas12a,01,40,00
483,483,01:40:00,D,1,338.311,a,alt-R_11C,5,IDT-Cas12a,01,40,00
484,484,01:40:00,A,3,373.727,b,alt-R_11C,500,NEB-Cas12a,01,40,00
485,485,01:40:00,B,3,303.1140000000001,b,alt-R_11C,5,NEB-Cas12a,01,40,00
486,486,01:40:00,C,3,384.769,b,alt-R_11C,500,IDT-Cas12a,01,40,00
487,487,01:40:00,D,3,340.434,b,alt-R_11C,5,IDT-Cas12a,01,40,00
488,488,01:40:00,A,5,389.344,c,alt-R_11C,500,NEB-Cas12a,01,40,00
489,489,01:40:00,B,5,289.936,c,alt-R_11C,5,NEB-Cas12a,01,40,00
490,490,01:40:00,C,5,374.549,c,alt-R_11C,500,IDT-Cas12a,01,40,00
491,491,01:40:00,D,5,370.722,c,alt-R_11C,5,IDT-Cas12a,01,40,00
492,492,01:40:00,A,7,356.89,a,syn_11C,500,NEB-Cas12a,01,40,00
493,493,01:40:00,B,7,244.064,a,syn_11C,5,NEB-Cas12a,01,40,00
494,494,01:40:00,C,7,374.462,a,syn_11C,500,IDT-Cas12a,01,40,00
495,495,01:40:00,D,7,331.18,a,syn_11C,5,IDT-Cas12a,01,40,00
496,496,01:40:00,A,9,388.056,b,syn_11C,500,NEB-Cas12a,01,40,00
497,497,01:40:00,B,9,250.45,b,syn_11C,5,NEB-Cas12a,01,40,00
498,498,01:40:00,C,9,400.066,b,syn_11C,500,IDT-Cas12a,01,40,00
499,499,01:40:00,D,9,347.154,b,syn_11C,5,IDT-Cas12a,01,40,00
500,500,01:40:00,A,11,385.193,c,syn_11C,500,NEB-Cas12a,01,40,00
501,501,01:40:00,B,11,236.552,c,syn_11C,5,NEB-Cas12a,01,40,00
502,502,01:40:00,C,11,390.91,c,syn_11C,500,IDT-Cas12a,01,40,00
503,503,01:40:00,D,11,347.629,c,syn_11C,5,IDT-Cas12a,01,40,00
504,504,01:40:00,A,13,388.935,a,alt-R_11C,50,NEB-Cas12a,01,40,00
505,505,01:40:00,B,13,3.945,a,alt-R_11C,0,NEB-Cas12a,01,40,00
506,506,01:40:00,C,13,394.854,a,alt-R_11C,50,IDT-Cas12a,01,40,00
507,507,01:40:00,D,13,3.875,a,alt-R_11C,0,IDT-Cas12a,01,40,00
508,508,01:40:00,A,15,391.907,b,alt-R_11C,50,NEB-Cas12a,01,40,00
509,509,01:40:00,B,15,3.897,b,alt-R_11C,0,NEB-Cas12a,01,40,00
510,510,01:40:00,C,15,379.059,b,alt-R_11C,50,IDT-Cas12a,01,40,00
511,511,01:40:00,D,15,3.857,b,alt-R_11C,0,IDT-Cas12a,01,40,00
512,512,01:40:00,A,17,397.114,c,alt-R_11C,50,NEB-Cas12a,01,40,00
513,513,01:40:00,B,17,4.059,c,alt-R_11C,0,NEB-Cas12a,01,40,00
514,514,01:40:00,C,17,405.766,c,alt-R_11C,50,IDT-Cas12a,01,40,00
515,515,01:40:00,D,17,3.539,c,alt-R_11C,0,IDT-Cas12a,01,40,00
516,516,01:40:00,A,19,355.217,a,syn_11C,50,NEB-Cas12a,01,40,00
517,517,01:40:00,B,19,3.841,a,syn_11C,0,NEB-Cas12a,01,40,00
518,518,01:40:00,C,19,374.049,a,syn_11C,50,IDT-Cas12a,01,40,00
519,519,01:40:00,D,19,3.33,a,syn_11C,0,IDT-Cas12a,01,40,00
520,520,01:40:00,A,21,343.765,b,syn_11C,50,NEB-Cas12a,01,40,00
521,521,01:40:00,B,21,4.23,b,syn_11C,0,NEB-Cas12a,01,40,00
522,522,01:40:00,C,21,359.9,b,syn_11C,50,IDT-Cas12a,01,40,00
523,523,01:40:00,D,21,3.55,b,syn_11C,0,IDT-Cas12a,01,40,00
524,524,01:40:00,A,23,310.803,c,syn_11C,50,NEB-Cas12a,01,40,00
525,525,01:40:00,B,23,4.1960000000000015,c,syn_11C,0,NEB-Cas12a,01,40,00
526,526,01:40:00,C,23,324.928,c,syn_11C,50,IDT-Cas12a,01,40,00
527,527,01:40:00,D,23,3.229,c,syn_11C,0,IDT-Cas12a,01,40,00
528,528,01:50:00,A,1,367.159,a,alt-R_11C,500,NEB-Cas12a,01,50,00
529,529,01:50:00,B,1,291.749,a,alt-R_11C,5,NEB-Cas12a,01,50,00
530,530,01:50:00,C,1,374.754,a,alt-R_11C,500,IDT-Cas12a,01,50,00
531,531,01:50:00,D,1,340.661,a,alt-R_11C,5,IDT-Cas12a,01,50,00
532,532,01:50:00,A,3,367.215,b,alt-R_11C,500,NEB-Cas12a,01,50,00
533,533,01:50:00,B,3,314.1,b,alt-R_11C,5,NEB-Cas12a,01,50,00
534,534,01:50:00,C,3,377.491,b,alt-R_11C,500,IDT-Cas12a,01,50,00
535,535,01:50:00,D,3,343.216,b,alt-R_11C,5,IDT-Cas12a,01,50,00
536,536,01:50:00,A,5,383.538,c,alt-R_11C,500,NEB-Cas12a,01,50,00
537,537,01:50:00,B,5,302.355,c,alt-R_11C,5,NEB-Cas12a,01,50,00
538,538,01:50:00,C,5,373.259,c,alt-R_11C,500,IDT-Cas12a,01,50,00
539,539,01:50:00,D,5,370.341,c,alt-R_11C,5,IDT-Cas12a,01,50,00
540,540,01:50:00,A,7,357.61800000000005,a,syn_11C,500,NEB-Cas12a,01,50,00
541,541,01:50:00,B,7,263.063,a,syn_11C,5,NEB-Cas12a,01,50,00
542,542,01:50:00,C,7,373.667,a,syn_11C,500,IDT-Cas12a,01,50,00
543,543,01:50:00,D,7,337.478,a,syn_11C,5,IDT-Cas12a,01,50,00
544,544,01:50:00,A,9,381.74,b,syn_11C,500,NEB-Cas12a,01,50,00
545,545,01:50:00,B,9,265.388,b,syn_11C,5,NEB-Cas12a,01,50,00
546,546,01:50:00,C,9,401.088,b,syn_11C,500,IDT-Cas12a,01,50,00
547,547,01:50:00,D,9,353.36300000000006,b,syn_11C,5,IDT-Cas12a,01,50,00
548,548,01:50:00,A,11,381.349,c,syn_11C,500,NEB-Cas12a,01,50,00
549,549,01:50:00,B,11,249.469,c,syn_11C,5,NEB-Cas12a,01,50,00
550,550,01:50:00,C,11,387.14,c,syn_11C,500,IDT-Cas12a,01,50,00
551,551,01:50:00,D,11,347.342,c,syn_11C,5,IDT-Cas12a,01,50,00
552,552,01:50:00,A,13,387.302,a,alt-R_11C,50,NEB-Cas12a,01,50,00
553,553,01:50:00,B,13,3.737,a,alt-R_11C,0,NEB-Cas12a,01,50,00
554,554,01:50:00,C,13,392.564,a,alt-R_11C,50,IDT-Cas12a,01,50,00
555,555,01:50:00,D,13,3.803,a,alt-R_11C,0,IDT-Cas12a,01,50,00
556,556,01:50:00,A,15,388.372,b,alt-R_11C,50,NEB-Cas12a,01,50,00
557,557,01:50:00,B,15,3.783,b,alt-R_11C,0,NEB-Cas12a,01,50,00
558,558,01:50:00,C,15,373.552,b,alt-R_11C,50,IDT-Cas12a,01,50,00
559,559,01:50:00,D,15,4.025,b,alt-R_11C,0,IDT-Cas12a,01,50,00
560,560,01:50:00,A,17,391.87,c,alt-R_11C,50,NEB-Cas12a,01,50,00
561,561,01:50:00,B,17,3.821,c,alt-R_11C,0,NEB-Cas12a,01,50,00
562,562,01:50:00,C,17,398.562,c,alt-R_11C,50,IDT-Cas12a,01,50,00
563,563,01:50:00,D,17,3.63,c,alt-R_11C,0,IDT-Cas12a,01,50,00
564,564,01:50:00,A,19,349.158,a,syn_11C,50,NEB-Cas12a,01,50,00
565,565,01:50:00,B,19,3.779,a,syn_11C,0,NEB-Cas12a,01,50,00
566,566,01:50:00,C,19,375.674,a,syn_11C,50,IDT-Cas12a,01,50,00
567,567,01:50:00,D,19,3.279,a,syn_11C,0,IDT-Cas12a,01,50,00
568,568,01:50:00,A,21,341.995,b,syn_11C,50,NEB-Cas12a,01,50,00
569,569,01:50:00,B,21,3.822,b,syn_11C,0,NEB-Cas12a,01,50,00
570,570,01:50:00,C,21,358.1690000000001,b,syn_11C,50,IDT-Cas12a,01,50,00
571,571,01:50:00,D,21,3.434,b,syn_11C,0,IDT-Cas12a,01,50,00
572,572,01:50:00,A,23,308.648,c,syn_11C,50,NEB-Cas12a,01,50,00
573,573,01:50:00,B,23,4.152,c,syn_11C,0,NEB-Cas12a,01,50,00
574,574,01:50:00,C,23,324.26,c,syn_11C,50,IDT-Cas12a,01,50,00
575,575,01:50:00,D,23,3.565,c,syn_11C,0,IDT-Cas12a,01,50,00
576,576,02:00:00,A,1,364.685,a,alt-R_11C,500,NEB-Cas12a,02,00,00
577,577,02:00:00,B,1,301.708,a,alt-R_11C,5,NEB-Cas12a,02,00,00
578,578,02:00:00,C,1,373.131,a,alt-R_11C,500,IDT-Cas12a,02,00,00
579,579,02:00:00,D,1,339.3769999999999,a,alt-R_11C,5,IDT-Cas12a,02,00,00
580,580,02:00:00,A,3,364.698,b,alt-R_11C,500,NEB-Cas12a,02,00,00
581,581,02:00:00,B,3,323.32,b,alt-R_11C,5,NEB-Cas12a,02,00,00
582,582,02:00:00,C,3,376.535,b,alt-R_11C,500,IDT-Cas12a,02,00,00
583,583,02:00:00,D,3,342.4190000000001,b,alt-R_11C,5,IDT-Cas12a,02,00,00
584,584,02:00:00,A,5,382.2,c,alt-R_11C,500,NEB-Cas12a,02,00,00
585,585,02:00:00,B,5,313.616,c,alt-R_11C,5,NEB-Cas12a,02,00,00
586,586,02:00:00,C,5,371.726,c,alt-R_11C,500,IDT-Cas12a,02,00,00
587,587,02:00:00,D,5,371.763,c,alt-R_11C,5,IDT-Cas12a,02,00,00
588,588,02:00:00,A,7,354.436,a,syn_11C,500,NEB-Cas12a,02,00,00
589,589,02:00:00,B,7,275.902,a,syn_11C,5,NEB-Cas12a,02,00,00
590,590,02:00:00,C,7,373.291,a,syn_11C,500,IDT-Cas12a,02,00,00
591,591,02:00:00,D,7,341.376,a,syn_11C,5,IDT-Cas12a,02,00,00
592,592,02:00:00,A,9,380.459,b,syn_11C,500,NEB-Cas12a,02,00,00
593,593,02:00:00,B,9,279.698,b,syn_11C,5,NEB-Cas12a,02,00,00
594,594,02:00:00,C,9,399.974,b,syn_11C,500,IDT-Cas12a,02,00,00
595,595,02:00:00,D,9,358.945,b,syn_11C,5,IDT-Cas12a,02,00,00
596,596,02:00:00,A,11,381.912,c,syn_11C,500,NEB-Cas12a,02,00,00
597,597,02:00:00,B,11,262.687,c,syn_11C,5,NEB-Cas12a,02,00,00
598,598,02:00:00,C,11,387.404,c,syn_11C,500,IDT-Cas12a,02,00,00
599,599,02:00:00,D,11,350.2990000000001,c,syn_11C,5,IDT-Cas12a,02,00,00
600,600,02:00:00,A,13,386.549,a,alt-R_11C,50,NEB-Cas12a,02,00,00
601,601,02:00:00,B,13,3.783,a,alt-R_11C,0,NEB-Cas12a,02,00,00
602,602,02:00:00,C,13,393.014,a,alt-R_11C,50,IDT-Cas12a,02,00,00
603,603,02:00:00,D,13,3.756,a,alt-R_11C,0,IDT-Cas12a,02,00,00
604,604,02:00:00,A,15,389.324,b,alt-R_11C,50,NEB-Cas12a,02,00,00
605,605,02:00:00,B,15,3.77,b,alt-R_11C,0,NEB-Cas12a,02,00,00
606,606,02:00:00,C,15,373.861,b,alt-R_11C,50,IDT-Cas12a,02,00,00
607,607,02:00:00,D,15,3.895,b,alt-R_11C,0,IDT-Cas12a,02,00,00
608,608,02:00:00,A,17,390.582,c,alt-R_11C,50,NEB-Cas12a,02,00,00
609,609,02:00:00,B,17,4.1560000000000015,c,alt-R_11C,0,NEB-Cas12a,02,00,00
610,610,02:00:00,C,17,398.934,c,alt-R_11C,50,IDT-Cas12a,02,00,00
611,611,02:00:00,D,17,3.549,c,alt-R_11C,0,IDT-Cas12a,02,00,00
612,612,02:00:00,A,19,349.102,a,syn_11C,50,NEB-Cas12a,02,00,00
613,613,02:00:00,B,19,3.897,a,syn_11C,0,NEB-Cas12a,02,00,00
614,614,02:00:00,C,19,373.937,a,syn_11C,50,IDT-Cas12a,02,00,00
615,615,02:00:00,D,19,3.454,a,syn_11C,0,IDT-Cas12a,02,00,00
616,616,02:00:00,A,21,342.746,b,syn_11C,50,NEB-Cas12a,02,00,00
617,617,02:00:00,B,21,4.127,b,syn_11C,0,NEB-Cas12a,02,00,00
618,618,02:00:00,C,21,355.48800000000006,b,syn_11C,50,IDT-Cas12a,02,00,00
619,619,02:00:00,D,21,3.691,b,syn_11C,0,IDT-Cas12a,02,00,00
620,620,02:00:00,A,23,310.024,c,syn_11C,50,NEB-Cas12a,02,00,00
621,621,02:00:00,B,23,4.184,c,syn_11C,0,NEB-Cas12a,02,00,00
622,622,02:00:00,C,23,322.199,c,syn_11C,50,IDT-Cas12a,02,00,00
623,623,02:00:00,D,23,3.675,c,syn_11C,0,IDT-Cas12a,02,00,00
624,624,02:10:00,A,1,362.155,a,alt-R_11C,500,NEB-Cas12a,02,10,00
625,625,02:10:00,B,1,314.03,a,alt-R_11C,5,NEB-Cas12a,02,10,00
626,626,02:10:00,C,1,376.143,a,alt-R_11C,500,IDT-Cas12a,02,10,00
627,627,02:10:00,D,1,337.94699999999995,a,alt-R_11C,5,IDT-Cas12a,02,10,00
628,628,02:10:00,A,3,362.283,b,alt-R_11C,500,NEB-Cas12a,02,10,00
629,629,02:10:00,B,3,328.61,b,alt-R_11C,5,NEB-Cas12a,02,10,00
630,630,02:10:00,C,3,373.611,b,alt-R_11C,500,IDT-Cas12a,02,10,00
631,631,02:10:00,D,3,348.316,b,alt-R_11C,5,IDT-Cas12a,02,10,00
632,632,02:10:00,A,5,384.703,c,alt-R_11C,500,NEB-Cas12a,02,10,00
633,633,02:10:00,B,5,323.6,c,alt-R_11C,5,NEB-Cas12a,02,10,00
634,634,02:10:00,C,5,369.895,c,alt-R_11C,500,IDT-Cas12a,02,10,00
635,635,02:10:00,D,5,372.872,c,alt-R_11C,5,IDT-Cas12a,02,10,00
636,636,02:10:00,A,7,353.675,a,syn_11C,500,NEB-Cas12a,02,10,00
637,637,02:10:00,B,7,288.815,a,syn_11C,5,NEB-Cas12a,02,10,00
638,638,02:10:00,C,7,372.222,a,syn_11C,500,IDT-Cas12a,02,10,00
639,639,02:10:00,D,7,340.19199999999995,a,syn_11C,5,IDT-Cas12a,02,10,00
640,640,02:10:00,A,9,381.543,b,syn_11C,500,NEB-Cas12a,02,10,00
641,641,02:10:00,B,9,291.465,b,syn_11C,5,NEB-Cas12a,02,10,00
642,642,02:10:00,C,9,400.218,b,syn_11C,500,IDT-Cas12a,02,10,00
643,643,02:10:00,D,9,360.658,b,syn_11C,5,IDT-Cas12a,02,10,00
644,644,02:10:00,A,11,382.509,c,syn_11C,500,NEB-Cas12a,02,10,00
645,645,02:10:00,B,11,276.707,c,syn_11C,5,NEB-Cas12a,02,10,00
646,646,02:10:00,C,11,391.059,c,syn_11C,500,IDT-Cas12a,02,10,00
647,647,02:10:00,D,11,353.2480000000001,c,syn_11C,5,IDT-Cas12a,02,10,00
648,648,02:10:00,A,13,384.917,a,alt-R_11C,50,NEB-Cas12a,02,10,00
649,649,02:10:00,B,13,3.768,a,alt-R_11C,0,NEB-Cas12a,02,10,00
650,650,02:10:00,C,13,396.281,a,alt-R_11C,50,IDT-Cas12a,02,10,00
651,651,02:10:00,D,13,3.808,a,alt-R_11C,0,IDT-Cas12a,02,10,00
652,652,02:10:00,A,15,387.689,b,alt-R_11C,50,NEB-Cas12a,02,10,00
653,653,02:10:00,B,15,3.934,b,alt-R_11C,0,NEB-Cas12a,02,10,00
654,654,02:10:00,C,15,374.415,b,alt-R_11C,50,IDT-Cas12a,02,10,00
655,655,02:10:00,D,15,3.81,b,alt-R_11C,0,IDT-Cas12a,02,10,00
656,656,02:10:00,A,17,393.255,c,alt-R_11C,50,NEB-Cas12a,02,10,00
657,657,02:10:00,B,17,3.673,c,alt-R_11C,0,NEB-Cas12a,02,10,00
658,658,02:10:00,C,17,398.266,c,alt-R_11C,50,IDT-Cas12a,02,10,00
659,659,02:10:00,D,17,3.686,c,alt-R_11C,0,IDT-Cas12a,02,10,00
660,660,02:10:00,A,19,351.365,a,syn_11C,50,NEB-Cas12a,02,10,00
661,661,02:10:00,B,19,3.853,a,syn_11C,0,NEB-Cas12a,02,10,00
662,662,02:10:00,C,19,376.679,a,syn_11C,50,IDT-Cas12a,02,10,00
663,663,02:10:00,D,19,3.257,a,syn_11C,0,IDT-Cas12a,02,10,00
664,664,02:10:00,A,21,340.117,b,syn_11C,50,NEB-Cas12a,02,10,00
665,665,02:10:00,B,21,3.97,b,syn_11C,0,NEB-Cas12a,02,10,00
666,666,02:10:00,C,21,358.122,b,syn_11C,50,IDT-Cas12a,02,10,00
667,667,02:10:00,D,21,3.507,b,syn_11C,0,IDT-Cas12a,02,10,00
668,668,02:10:00,A,23,308.83,c,syn_11C,50,NEB-Cas12a,02,10,00
669,669,02:10:00,B,23,4.025,c,syn_11C,0,NEB-Cas12a,02,10,00
670,670,02:10:00,C,23,326.2340000000001,c,syn_11C,50,IDT-Cas12a,02,10,00
671,671,02:10:00,D,23,3.415,c,syn_11C,0,IDT-Cas12a,02,10,00
672,672,02:20:00,A,1,365.907,a,alt-R_11C,500,NEB-Cas12a,02,20,00
673,673,02:20:00,B,1,322.632,a,alt-R_11C,5,NEB-Cas12a,02,20,00
674,674,02:20:00,C,1,372.773,a,alt-R_11C,500,IDT-Cas12a,02,20,00
675,675,02:20:00,D,1,342.742,a,alt-R_11C,5,IDT-Cas12a,02,20,00
676,676,02:20:00,A,3,366.503,b,alt-R_11C,500,NEB-Cas12a,02,20,00
677,677,02:20:00,B,3,338.07199999999995,b,alt-R_11C,5,NEB-Cas12a,02,20,00
678,678,02:20:00,C,3,377.331,b,alt-R_11C,500,IDT-Cas12a,02,20,00
679,679,02:20:00,D,3,350.853,b,alt-R_11C,5,IDT-Cas12a,02,20,00
680,680,02:20:00,A,5,385.66,c,alt-R_11C,500,NEB-Cas12a,02,20,00
681,681,02:20:00,B,5,331.944,c,alt-R_11C,5,NEB-Cas12a,02,20,00
682,682,02:20:00,C,5,375.157,c,alt-R_11C,500,IDT-Cas12a,02,20,00
683,683,02:20:00,D,5,376.198,c,alt-R_11C,5,IDT-Cas12a,02,20,00
684,684,02:20:00,A,7,357.542,a,syn_11C,500,NEB-Cas12a,02,20,00
685,685,02:20:00,B,7,303.771,a,syn_11C,5,NEB-Cas12a,02,20,00
686,686,02:20:00,C,7,376.196,a,syn_11C,500,IDT-Cas12a,02,20,00
687,687,02:20:00,D,7,345.18300000000005,a,syn_11C,5,IDT-Cas12a,02,20,00
688,688,02:20:00,A,9,387.078,b,syn_11C,500,NEB-Cas12a,02,20,00
689,689,02:20:00,B,9,304.258,b,syn_11C,5,NEB-Cas12a,02,20,00
690,690,02:20:00,C,9,405.572,b,syn_11C,500,IDT-Cas12a,02,20,00
691,691,02:20:00,D,9,369.198,b,syn_11C,5,IDT-Cas12a,02,20,00
692,692,02:20:00,A,11,387.292,c,syn_11C,500,NEB-Cas12a,02,20,00
693,693,02:20:00,B,11,290.405,c,syn_11C,5,NEB-Cas12a,02,20,00
694,694,02:20:00,C,11,391.344,c,syn_11C,500,IDT-Cas12a,02,20,00
695,695,02:20:00,D,11,358.108,c,syn_11C,5,IDT-Cas12a,02,20,00
696,696,02:20:00,A,13,388.728,a,alt-R_11C,50,NEB-Cas12a,02,20,00
697,697,02:20:00,B,13,3.933,a,alt-R_11C,0,NEB-Cas12a,02,20,00
698,698,02:20:00,C,13,400.115,a,alt-R_11C,50,IDT-Cas12a,02,20,00
699,699,02:20:00,D,13,3.673,a,alt-R_11C,0,IDT-Cas12a,02,20,00
700,700,02:20:00,A,15,394.567,b,alt-R_11C,50,NEB-Cas12a,02,20,00
701,701,02:20:00,B,15,3.795,b,alt-R_11C,0,NEB-Cas12a,02,20,00
702,702,02:20:00,C,15,376.6230000000001,b,alt-R_11C,50,IDT-Cas12a,02,20,00
703,703,02:20:00,D,15,3.726,b,alt-R_11C,0,IDT-Cas12a,02,20,00
704,704,02:20:00,A,17,393.212,c,alt-R_11C,50,NEB-Cas12a,02,20,00
705,705,02:20:00,B,17,4.135,c,alt-R_11C,0,NEB-Cas12a,02,20,00
706,706,02:20:00,C,17,403.854,c,alt-R_11C,50,IDT-Cas12a,02,20,00
707,707,02:20:00,D,17,3.595,c,alt-R_11C,0,IDT-Cas12a,02,20,00
708,708,02:20:00,A,19,355.207,a,syn_11C,50,NEB-Cas12a,02,20,00
709,709,02:20:00,B,19,4.154,a,syn_11C,0,NEB-Cas12a,02,20,00
710,710,02:20:00,C,19,380.3730000000001,a,syn_11C,50,IDT-Cas12a,02,20,00
711,711,02:20:00,D,19,3.302,a,syn_11C,0,IDT-Cas12a,02,20,00
712,712,02:20:00,A,21,344.9980000000001,b,syn_11C,50,NEB-Cas12a,02,20,00
713,713,02:20:00,B,21,4.254,b,syn_11C,0,NEB-Cas12a,02,20,00
714,714,02:20:00,C,21,362.388,b,syn_11C,50,IDT-Cas12a,02,20,00
715,715,02:20:00,D,21,3.834,b,syn_11C,0,IDT-Cas12a,02,20,00
716,716,02:20:00,A,23,315.451,c,syn_11C,50,NEB-Cas12a,02,20,00
717,717,02:20:00,B,23,4.075,c,syn_11C,0,NEB-Cas12a,02,20,00
718,718,02:20:00,C,23,330.48,c,syn_11C,50,IDT-Cas12a,02,20,00
719,719,02:20:00,D,23,3.318,c,syn_11C,0,IDT-Cas12a,02,20,00
720,720,02:30:00,A,1,360.222,a,alt-R_11C,500,NEB-Cas12a,02,30,00
721,721,02:30:00,B,1,324.756,a,alt-R_11C,5,NEB-Cas12a,02,30,00
722,722,02:30:00,C,1,371.612,a,alt-R_11C,500,IDT-Cas12a,02,30,00
723,723,02:30:00,D,1,340.224,a,alt-R_11C,5,IDT-Cas12a,02,30,00
724,724,02:30:00,A,3,362.231,b,alt-R_11C,500,NEB-Cas12a,02,30,00
725,725,02:30:00,B,3,337.9890000000001,b,alt-R_11C,5,NEB-Cas12a,02,30,00
726,726,02:30:00,C,3,373.952,b,alt-R_11C,500,IDT-Cas12a,02,30,00
727,727,02:30:00,D,3,350.463,b,alt-R_11C,5,IDT-Cas12a,02,30,00
728,728,02:30:00,A,5,388.229,c,alt-R_11C,500,NEB-Cas12a,02,30,00
729,729,02:30:00,B,5,338.599,c,alt-R_11C,5,NEB-Cas12a,02,30,00
730,730,02:30:00,C,5,370.577,c,alt-R_11C,500,IDT-Cas12a,02,30,00
731,731,02:30:00,D,5,379.024,c,alt-R_11C,5,IDT-Cas12a,02,30,00
732,732,02:30:00,A,7,356.566,a,syn_11C,500,NEB-Cas12a,02,30,00
733,733,02:30:00,B,7,313.683,a,syn_11C,5,NEB-Cas12a,02,30,00
734,734,02:30:00,C,7,374.344,a,syn_11C,500,IDT-Cas12a,02,30,00
735,735,02:30:00,D,7,344.517,a,syn_11C,5,IDT-Cas12a,02,30,00
736,736,02:30:00,A,9,384.03,b,syn_11C,500,NEB-Cas12a,02,30,00
737,737,02:30:00,B,9,313.457,b,syn_11C,5,NEB-Cas12a,02,30,00
738,738,02:30:00,C,9,407.397,b,syn_11C,500,IDT-Cas12a,02,30,00
739,739,02:30:00,D,9,369.441,b,syn_11C,5,IDT-Cas12a,02,30,00
740,740,02:30:00,A,11,385.387,c,syn_11C,500,NEB-Cas12a,02,30,00
741,741,02:30:00,B,11,296.176,c,syn_11C,5,NEB-Cas12a,02,30,00
742,742,02:30:00,C,11,391.121,c,syn_11C,500,IDT-Cas12a,02,30,00
743,743,02:30:00,D,11,358.96,c,syn_11C,5,IDT-Cas12a,02,30,00
744,744,02:30:00,A,13,388.049,a,alt-R_11C,50,NEB-Cas12a,02,30,00
745,745,02:30:00,B,13,4.102,a,alt-R_11C,0,NEB-Cas12a,02,30,00
746,746,02:30:00,C,13,403.661,a,alt-R_11C,50,IDT-Cas12a,02,30,00
747,747,02:30:00,D,13,4.0139999999999985,a,alt-R_11C,0,IDT-Cas12a,02,30,00
748,748,02:30:00,A,15,394.575,b,alt-R_11C,50,NEB-Cas12a,02,30,00
749,749,02:30:00,B,15,4.124,b,alt-R_11C,0,NEB-Cas12a,02,30,00
750,750,02:30:00,C,15,377.83,b,alt-R_11C,50,IDT-Cas12a,02,30,00
751,751,02:30:00,D,15,3.972,b,alt-R_11C,0,IDT-Cas12a,02,30,00
752,752,02:30:00,A,17,391.035,c,alt-R_11C,50,NEB-Cas12a,02,30,00
753,753,02:30:00,B,17,4.175,c,alt-R_11C,0,NEB-Cas12a,02,30,00
754,754,02:30:00,C,17,403.267,c,alt-R_11C,50,IDT-Cas12a,02,30,00
755,755,02:30:00,D,17,3.571,c,alt-R_11C,0,IDT-Cas12a,02,30,00
756,756,02:30:00,A,19,354.977,a,syn_11C,50,NEB-Cas12a,02,30,00
757,757,02:30:00,B,19,3.82,a,syn_11C,0,NEB-Cas12a,02,30,00
758,758,02:30:00,C,19,383.076,a,syn_11C,50,IDT-Cas12a,02,30,00
759,759,02:30:00,D,19,3.549,a,syn_11C,0,IDT-Cas12a,02,30,00
760,760,02:30:00,A,21,343.306,b,syn_11C,50,NEB-Cas12a,02,30,00
761,761,02:30:00,B,21,4.202,b,syn_11C,0,NEB-Cas12a,02,30,00
762,762,02:30:00,C,21,363.148,b,syn_11C,50,IDT-Cas12a,02,30,00
763,763,02:30:00,D,21,3.66,b,syn_11C,0,IDT-Cas12a,02,30,00
764,764,02:30:00,A,23,313.682,c,syn_11C,50,NEB-Cas12a,02,30,00
765,765,02:30:00,B,23,4.173,c,syn_11C,0,NEB-Cas12a,02,30,00
766,766,02:30:00,C,23,331.2580000000001,c,syn_11C,50,IDT-Cas12a,02,30,00
767,767,02:30:00,D,23,3.407,c,syn_11C,0,IDT-Cas12a,02,30,00
768,768,02:40:00,A,1,359.714,a,alt-R_11C,500,NEB-Cas12a,02,40,00
769,769,02:40:00,B,1,326.668,a,alt-R_11C,5,NEB-Cas12a,02,40,00
770,770,02:40:00,C,1,374.003,a,alt-R_11C,500,IDT-Cas12a,02,40,00
771,771,02:40:00,D,1,337.181,a,alt-R_11C,5,IDT-Cas12a,02,40,00
772,772,02:40:00,A,3,361.301,b,alt-R_11C,500,NEB-Cas12a,02,40,00
773,773,02:40:00,B,3,343.682,b,alt-R_11C,5,NEB-Cas12a,02,40,00
774,774,02:40:00,C,3,373.926,b,alt-R_11C,500,IDT-Cas12a,02,40,00
775,775,02:40:00,D,3,357.0440000000001,b,alt-R_11C,5,IDT-Cas12a,02,40,00
776,776,02:40:00,A,5,387.452,c,alt-R_11C,500,NEB-Cas12a,02,40,00
777,777,02:40:00,B,5,345.76199999999994,c,alt-R_11C,5,NEB-Cas12a,02,40,00
778,778,02:40:00,C,5,373.474,c,alt-R_11C,500,IDT-Cas12a,02,40,00
779,779,02:40:00,D,5,379.474,c,alt-R_11C,5,IDT-Cas12a,02,40,00
780,780,02:40:00,A,7,359.591,a,syn_11C,500,NEB-Cas12a,02,40,00
781,781,02:40:00,B,7,322.796,a,syn_11C,5,NEB-Cas12a,02,40,00
782,782,02:40:00,C,7,378.271,a,syn_11C,500,IDT-Cas12a,02,40,00
783,783,02:40:00,D,7,351.274,a,syn_11C,5,IDT-Cas12a,02,40,00
784,784,02:40:00,A,9,380.825,b,syn_11C,500,NEB-Cas12a,02,40,00
785,785,02:40:00,B,9,322.575,b,syn_11C,5,NEB-Cas12a,02,40,00
786,786,02:40:00,C,9,410.915,b,syn_11C,500,IDT-Cas12a,02,40,00
787,787,02:40:00,D,9,375.366,b,syn_11C,5,IDT-Cas12a,02,40,00
788,788,02:40:00,A,11,389.801,c,syn_11C,500,NEB-Cas12a,02,40,00
789,789,02:40:00,B,11,305.334,c,syn_11C,5,NEB-Cas12a,02,40,00
790,790,02:40:00,C,11,395.785,c,syn_11C,500,IDT-Cas12a,02,40,00
791,791,02:40:00,D,11,360.539,c,syn_11C,5,IDT-Cas12a,02,40,00
792,792,02:40:00,A,13,392.196,a,alt-R_11C,50,NEB-Cas12a,02,40,00
793,793,02:40:00,B,13,3.791,a,alt-R_11C,0,NEB-Cas12a,02,40,00
794,794,02:40:00,C,13,406.142,a,alt-R_11C,50,IDT-Cas12a,02,40,00
795,795,02:40:00,D,13,3.808,a,alt-R_11C,0,IDT-Cas12a,02,40,00
796,796,02:40:00,A,15,395.724,b,alt-R_11C,50,NEB-Cas12a,02,40,00
797,797,02:40:00,B,15,4.037,b,alt-R_11C,0,NEB-Cas12a,02,40,00
798,798,02:40:00,C,15,375.86300000000006,b,alt-R_11C,50,IDT-Cas12a,02,40,00
799,799,02:40:00,D,15,4.085,b,alt-R_11C,0,IDT-Cas12a,02,40,00
800,800,02:40:00,A,17,393.024,c,alt-R_11C,50,NEB-Cas12a,02,40,00
801,801,02:40:00,B,17,4.025,c,alt-R_11C,0,NEB-Cas12a,02,40,00
802,802,02:40:00,C,17,402.85,c,alt-R_11C,50,IDT-Cas12a,02,40,00
803,803,02:40:00,D,17,3.729,c,alt-R_11C,0,IDT-Cas12a,02,40,00
804,804,02:40:00,A,19,354.726,a,syn_11C,50,NEB-Cas12a,02,40,00
805,805,02:40:00,B,19,3.88,a,syn_11C,0,NEB-Cas12a,02,40,00
806,806,02:40:00,C,19,381.896,a,syn_11C,50,IDT-Cas12a,02,40,00
807,807,02:40:00,D,19,3.36,a,syn_11C,0,IDT-Cas12a,02,40,00
808,808,02:40:00,A,21,346.844,b,syn_11C,50,NEB-Cas12a,02,40,00
809,809,02:40:00,B,21,4.18,b,syn_11C,0,NEB-Cas12a,02,40,00
810,810,02:40:00,C,21,362.995,b,syn_11C,50,IDT-Cas12a,02,40,00
811,811,02:40:00,D,21,3.627,b,syn_11C,0,IDT-Cas12a,02,40,00
812,812,02:40:00,A,23,314.035,c,syn_11C,50,NEB-Cas12a,02,40,00
813,813,02:40:00,B,23,4.006,c,syn_11C,0,NEB-Cas12a,02,40,00
814,814,02:40:00,C,23,331.815,c,syn_11C,50,IDT-Cas12a,02,40,00
815,815,02:40:00,D,23,3.571,c,syn_11C,0,IDT-Cas12a,02,40,00
816,816,02:50:00,A,1,360.769,a,alt-R_11C,500,NEB-Cas12a,02,50,00
817,817,02:50:00,B,1,334.0630000000001,a,alt-R_11C,5,NEB-Cas12a,02,50,00
818,818,02:50:00,C,1,373.361,a,alt-R_11C,500,IDT-Cas12a,02,50,00
819,819,02:50:00,D,1,340.5780000000001,a,alt-R_11C,5,IDT-Cas12a,02,50,00
820,820,02:50:00,A,3,363.603,b,alt-R_11C,500,NEB-Cas12a,02,50,00
821,821,02:50:00,B,3,345.471,b,alt-R_11C,5,NEB-Cas12a,02,50,00
822,822,02:50:00,C,3,376.402,b,alt-R_11C,500,IDT-Cas12a,02,50,00
823,823,02:50:00,D,3,358.81,b,alt-R_11C,5,IDT-Cas12a,02,50,00
824,824,02:50:00,A,5,391.864,c,alt-R_11C,500,NEB-Cas12a,02,50,00
825,825,02:50:00,B,5,350.65,c,alt-R_11C,5,NEB-Cas12a,02,50,00
826,826,02:50:00,C,5,376.155,c,alt-R_11C,500,IDT-Cas12a,02,50,00
827,827,02:50:00,D,5,383.94,c,alt-R_11C,5,IDT-Cas12a,02,50,00
828,828,02:50:00,A,7,360.793,a,syn_11C,500,NEB-Cas12a,02,50,00
829,829,02:50:00,B,7,333.6280000000001,a,syn_11C,5,NEB-Cas12a,02,50,00
830,830,02:50:00,C,7,379.564,a,syn_11C,500,IDT-Cas12a,02,50,00
831,831,02:50:00,D,7,351.539,a,syn_11C,5,IDT-Cas12a,02,50,00
832,832,02:50:00,A,9,389.052,b,syn_11C,500,NEB-Cas12a,02,50,00
833,833,02:50:00,B,9,330.052,b,syn_11C,5,NEB-Cas12a,02,50,00
834,834,02:50:00,C,9,415.55,b,syn_11C,500,IDT-Cas12a,02,50,00
835,835,02:50:00,D,9,379.101,b,syn_11C,5,IDT-Cas12a,02,50,00
836,836,02:50:00,A,11,394.658,c,syn_11C,500,NEB-Cas12a,02,50,00
837,837,02:50:00,B,11,313.317,c,syn_11C,5,NEB-Cas12a,02,50,00
838,838,02:50:00,C,11,399.854,c,syn_11C,500,IDT-Cas12a,02,50,00
839,839,02:50:00,D,11,363.569,c,syn_11C,5,IDT-Cas12a,02,50,00
840,840,02:50:00,A,13,394.958,a,alt-R_11C,50,NEB-Cas12a,02,50,00
841,841,02:50:00,B,13,3.663,a,alt-R_11C,0,NEB-Cas12a,02,50,00
842,842,02:50:00,C,13,412.943,a,alt-R_11C,50,IDT-Cas12a,02,50,00
843,843,02:50:00,D,13,3.909,a,alt-R_11C,0,IDT-Cas12a,02,50,00
844,844,02:50:00,A,15,403.7480000000001,b,alt-R_11C,50,NEB-Cas12a,02,50,00
845,845,02:50:00,B,15,3.97,b,alt-R_11C,0,NEB-Cas12a,02,50,00
846,846,02:50:00,C,15,378.354,b,alt-R_11C,50,IDT-Cas12a,02,50,00
847,847,02:50:00,D,15,3.777,b,alt-R_11C,0,IDT-Cas12a,02,50,00
848,848,02:50:00,A,17,393.312,c,alt-R_11C,50,NEB-Cas12a,02,50,00
849,849,02:50:00,B,17,4.1,c,alt-R_11C,0,NEB-Cas12a,02,50,00
850,850,02:50:00,C,17,407.895,c,alt-R_11C,50,IDT-Cas12a,02,50,00
851,851,02:50:00,D,17,3.748,c,alt-R_11C,0,IDT-Cas12a,02,50,00
852,852,02:50:00,A,19,357.3180000000001,a,syn_11C,50,NEB-Cas12a,02,50,00
853,853,02:50:00,B,19,3.752,a,syn_11C,0,NEB-Cas12a,02,50,00
854,854,02:50:00,C,19,386.684,a,syn_11C,50,IDT-Cas12a,02,50,00
855,855,02:50:00,D,19,3.565,a,syn_11C,0,IDT-Cas12a,02,50,00
856,856,02:50:00,A,21,347.083,b,syn_11C,50,NEB-Cas12a,02,50,00
857,857,02:50:00,B,21,4.206,b,syn_11C,0,NEB-Cas12a,02,50,00
858,858,02:50:00,C,21,365.664,b,syn_11C,50,IDT-Cas12a,02,50,00
859,859,02:50:00,D,21,3.71,b,syn_11C,0,IDT-Cas12a,02,50,00
860,860,02:50:00,A,23,316.36,c,syn_11C,50,NEB-Cas12a,02,50,00
861,861,02:50:00,B,23,4.04,c,syn_11C,0,NEB-Cas12a,02,50,00
862,862,02:50:00,C,23,338.852,c,syn_11C,50,IDT-Cas12a,02,50,00
863,863,02:50:00,D,23,3.483,c,syn_11C,0,IDT-Cas12a,02,50,00
864,864,03:00:00,A,1,358.2030000000001,a,alt-R_11C,500,NEB-Cas12a,03,00,00
865,865,03:00:00,B,1,333.117,a,alt-R_11C,5,NEB-Cas12a,03,00,00
866,866,03:00:00,C,1,375.417,a,alt-R_11C,500,IDT-Cas12a,03,00,00
867,867,03:00:00,D,1,337.71,a,alt-R_11C,5,IDT-Cas12a,03,00,00
868,868,03:00:00,A,3,360.934,b,alt-R_11C,500,NEB-Cas12a,03,00,00
869,869,03:00:00,B,3,346.6230000000001,b,alt-R_11C,5,NEB-Cas12a,03,00,00
870,870,03:00:00,C,3,375.504,b,alt-R_11C,500,IDT-Cas12a,03,00,00
871,871,03:00:00,D,3,360.673,b,alt-R_11C,5,IDT-Cas12a,03,00,00
872,872,03:00:00,A,5,393.075,c,alt-R_11C,500,NEB-Cas12a,03,00,00
873,873,03:00:00,B,5,353.596,c,alt-R_11C,5,NEB-Cas12a,03,00,00
874,874,03:00:00,C,5,375.697,c,alt-R_11C,500,IDT-Cas12a,03,00,00
875,875,03:00:00,D,5,382.885,c,alt-R_11C,5,IDT-Cas12a,03,00,00
876,876,03:00:00,A,7,361.703,a,syn_11C,500,NEB-Cas12a,03,00,00
877,877,03:00:00,B,7,338.874,a,syn_11C,5,NEB-Cas12a,03,00,00
878,878,03:00:00,C,7,380.46,a,syn_11C,500,IDT-Cas12a,03,00,00
879,879,03:00:00,D,7,352.3,a,syn_11C,5,IDT-Cas12a,03,00,00
880,880,03:00:00,A,9,389.202,b,syn_11C,500,NEB-Cas12a,03,00,00
881,881,03:00:00,B,9,336.251,b,syn_11C,5,NEB-Cas12a,03,00,00
882,882,03:00:00,C,9,414.47,b,syn_11C,500,IDT-Cas12a,03,00,00
883,883,03:00:00,D,9,381.73,b,syn_11C,5,IDT-Cas12a,03,00,00
884,884,03:00:00,A,11,397.163,c,syn_11C,500,NEB-Cas12a,03,00,00
885,885,03:00:00,B,11,319.57,c,syn_11C,5,NEB-Cas12a,03,00,00
886,886,03:00:00,C,11,403.125,c,syn_11C,500,IDT-Cas12a,03,00,00
887,887,03:00:00,D,11,364.247,c,syn_11C,5,IDT-Cas12a,03,00,00
888,888,03:00:00,A,13,394.882,a,alt-R_11C,50,NEB-Cas12a,03,00,00
889,889,03:00:00,B,13,4.114,a,alt-R_11C,0,NEB-Cas12a,03,00,00
890,890,03:00:00,C,13,413.861,a,alt-R_11C,50,IDT-Cas12a,03,00,00
891,891,03:00:00,D,13,4.119,a,alt-R_11C,0,IDT-Cas12a,03,00,00
892,892,03:00:00,A,15,401.88,b,alt-R_11C,50,NEB-Cas12a,03,00,00
893,893,03:00:00,B,15,4.04,b,alt-R_11C,0,NEB-Cas12a,03,00,00
894,894,03:00:00,C,15,379.453,b,alt-R_11C,50,IDT-Cas12a,03,00,00
895,895,03:00:00,D,15,4.033,b,alt-R_11C,0,IDT-Cas12a,03,00,00
896,896,03:00:00,A,17,393.146,c,alt-R_11C,50,NEB-Cas12a,03,00,00
897,897,03:00:00,B,17,4.169,c,alt-R_11C,0,NEB-Cas12a,03,00,00
898,898,03:00:00,C,17,406.369,c,alt-R_11C,50,IDT-Cas12a,03,00,00
899,899,03:00:00,D,17,3.859,c,alt-R_11C,0,IDT-Cas12a,03,00,00
900,900,03:00:00,A,19,359.594,a,syn_11C,50,NEB-Cas12a,03,00,00
901,901,03:00:00,B,19,3.795,a,syn_11C,0,NEB-Cas12a,03,00,00
902,902,03:00:00,C,19,387.258,a,syn_11C,50,IDT-Cas12a,03,00,00
903,903,03:00:00,D,19,3.606,a,syn_11C,0,IDT-Cas12a,03,00,00
904,904,03:00:00,A,21,346.24300000000005,b,syn_11C,50,NEB-Cas12a,03,00,00
905,905,03:00:00,B,21,4.46,b,syn_11C,0,NEB-Cas12a,03,00,00
906,906,03:00:00,C,21,363.56,b,syn_11C,50,IDT-Cas12a,03,00,00
907,907,03:00:00,D,21,3.653,b,syn_11C,0,IDT-Cas12a,03,00,00
908,908,03:00:00,A,23,316.793,c,syn_11C,50,NEB-Cas12a,03,00,00
909,909,03:00:00,B,23,4.0710000000000015,c,syn_11C,0,NEB-Cas12a,03,00,00
910,910,03:00:00,C,23,337.7630000000001,c,syn_11C,50,IDT-Cas12a,03,00,00
911,911,03:00:00,D,23,3.605,c,syn_11C,0,IDT-Cas12a,03,00,00
912,912,03:10:00,A,1,357.907,a,alt-R_11C,500,NEB-Cas12a,03,10,00
913,913,03:10:00,B,1,333.415,a,alt-R_11C,5,NEB-Cas12a,03,10,00
914,914,03:10:00,C,1,373.841,a,alt-R_11C,500,IDT-Cas12a,03,10,00
915,915,03:10:00,D,1,337.676,a,alt-R_11C,5,IDT-Cas12a,03,10,00
916,916,03:10:00,A,3,358.14,b,alt-R_11C,500,NEB-Cas12a,03,10,00
917,917,03:10:00,B,3,348.588,b,alt-R_11C,5,NEB-Cas12a,03,10,00
918,918,03:10:00,C,3,373.299,b,alt-R_11C,500,IDT-Cas12a,03,10,00
919,919,03:10:00,D,3,362.819,b,alt-R_11C,5,IDT-Cas12a,03,10,00
920,920,03:10:00,A,5,394.645,c,alt-R_11C,500,NEB-Cas12a,03,10,00
921,921,03:10:00,B,5,356.293,c,alt-R_11C,5,NEB-Cas12a,03,10,00
922,922,03:10:00,C,5,375.298,c,alt-R_11C,500,IDT-Cas12a,03,10,00
923,923,03:10:00,D,5,385.972,c,alt-R_11C,5,IDT-Cas12a,03,10,00
924,924,03:10:00,A,7,359.116,a,syn_11C,500,NEB-Cas12a,03,10,00
925,925,03:10:00,B,7,347.011,a,syn_11C,5,NEB-Cas12a,03,10,00
926,926,03:10:00,C,7,379.515,a,syn_11C,500,IDT-Cas12a,03,10,00
927,927,03:10:00,D,7,354.1280000000001,a,syn_11C,5,IDT-Cas12a,03,10,00
928,928,03:10:00,A,9,389.023,b,syn_11C,500,NEB-Cas12a,03,10,00
929,929,03:10:00,B,9,344.315,b,syn_11C,5,NEB-Cas12a,03,10,00
930,930,03:10:00,C,9,417.134,b,syn_11C,500,IDT-Cas12a,03,10,00
931,931,03:10:00,D,9,382.075,b,syn_11C,5,IDT-Cas12a,03,10,00
932,932,03:10:00,A,11,395.061,c,syn_11C,500,NEB-Cas12a,03,10,00
933,933,03:10:00,B,11,321.641,c,syn_11C,5,NEB-Cas12a,03,10,00
934,934,03:10:00,C,11,405.393,c,syn_11C,500,IDT-Cas12a,03,10,00
935,935,03:10:00,D,11,369.796,c,syn_11C,5,IDT-Cas12a,03,10,00
936,936,03:10:00,A,13,396.263,a,alt-R_11C,50,NEB-Cas12a,03,10,00
937,937,03:10:00,B,13,3.939,a,alt-R_11C,0,NEB-Cas12a,03,10,00
938,938,03:10:00,C,13,414.391,a,alt-R_11C,50,IDT-Cas12a,03,10,00
939,939,03:10:00,D,13,4.132,a,alt-R_11C,0,IDT-Cas12a,03,10,00
940,940,03:10:00,A,15,403.588,b,alt-R_11C,50,NEB-Cas12a,03,10,00
941,941,03:10:00,B,15,3.843,b,alt-R_11C,0,NEB-Cas12a,03,10,00
942,942,03:10:00,C,15,379.788,b,alt-R_11C,50,IDT-Cas12a,03,10,00
943,943,03:10:00,D,15,3.858,b,alt-R_11C,0,IDT-Cas12a,03,10,00
944,944,03:10:00,A,17,392.111,c,alt-R_11C,50,NEB-Cas12a,03,10,00
945,945,03:10:00,B,17,4.05,c,alt-R_11C,0,NEB-Cas12a,03,10,00
946,946,03:10:00,C,17,408.629,c,alt-R_11C,50,IDT-Cas12a,03,10,00
947,947,03:10:00,D,17,3.835,c,alt-R_11C,0,IDT-Cas12a,03,10,00
948,948,03:10:00,A,19,359.218,a,syn_11C,50,NEB-Cas12a,03,10,00
949,949,03:10:00,B,19,3.938,a,syn_11C,0,NEB-Cas12a,03,10,00
950,950,03:10:00,C,19,388.3730000000001,a,syn_11C,50,IDT-Cas12a,03,10,00
951,951,03:10:00,D,19,3.645,a,syn_11C,0,IDT-Cas12a,03,10,00
952,952,03:10:00,A,21,346.2630000000001,b,syn_11C,50,NEB-Cas12a,03,10,00
953,953,03:10:00,B,21,3.832,b,syn_11C,0,NEB-Cas12a,03,10,00
954,954,03:10:00,C,21,365.382,b,syn_11C,50,IDT-Cas12a,03,10,00
955,955,03:10:00,D,21,3.664,b,syn_11C,0,IDT-Cas12a,03,10,00
956,956,03:10:00,A,23,318.112,c,syn_11C,50,NEB-Cas12a,03,10,00
957,957,03:10:00,B,23,4.1560000000000015,c,syn_11C,0,NEB-Cas12a,03,10,00
958,958,03:10:00,C,23,336.53,c,syn_11C,50,IDT-Cas12a,03,10,00
959,959,03:10:00,D,23,3.3160000000000003,c,syn_11C,0,IDT-Cas12a,03,10,00
960,960,03:20:00,A,1,357.68,a,alt-R_11C,500,NEB-Cas12a,03,20,00
961,961,03:20:00,B,1,335.042,a,alt-R_11C,5,NEB-Cas12a,03,20,00
962,962,03:20:00,C,1,378.59,a,alt-R_11C,500,IDT-Cas12a,03,20,00
963,963,03:20:00,D,1,339.587,a,alt-R_11C,5,IDT-Cas12a,03,20,00
964,964,03:20:00,A,3,360.162,b,alt-R_11C,500,NEB-Cas12a,03,20,00
965,965,03:20:00,B,3,350.496,b,alt-R_11C,5,NEB-Cas12a,03,20,00
966,966,03:20:00,C,3,378.565,b,alt-R_11C,500,IDT-Cas12a,03,20,00
967,967,03:20:00,D,3,367.358,b,alt-R_11C,5,IDT-Cas12a,03,20,00
968,968,03:20:00,A,5,396.237,c,alt-R_11C,500,NEB-Cas12a,03,20,00
969,969,03:20:00,B,5,360.734,c,alt-R_11C,5,NEB-Cas12a,03,20,00
970,970,03:20:00,C,5,382.512,c,alt-R_11C,500,IDT-Cas12a,03,20,00
971,971,03:20:00,D,5,389.6230000000001,c,alt-R_11C,5,IDT-Cas12a,03,20,00
972,972,03:20:00,A,7,367.341,a,syn_11C,500,NEB-Cas12a,03,20,00
973,973,03:20:00,B,7,352.408,a,syn_11C,5,NEB-Cas12a,03,20,00
974,974,03:20:00,C,7,386.0,a,syn_11C,500,IDT-Cas12a,03,20,00
975,975,03:20:00,D,7,358.8040000000001,a,syn_11C,5,IDT-Cas12a,03,20,00
976,976,03:20:00,A,9,389.365,b,syn_11C,500,NEB-Cas12a,03,20,00
977,977,03:20:00,B,9,349.722,b,syn_11C,5,NEB-Cas12a,03,20,00
978,978,03:20:00,C,9,419.643,b,syn_11C,500,IDT-Cas12a,03,20,00
979,979,03:20:00,D,9,385.644,b,syn_11C,5,IDT-Cas12a,03,20,00
980,980,03:20:00,A,11,401.192,c,syn_11C,500,NEB-Cas12a,03,20,00
981,981,03:20:00,B,11,326.095,c,syn_11C,5,NEB-Cas12a,03,20,00
982,982,03:20:00,C,11,405.604,c,syn_11C,500,IDT-Cas12a,03,20,00
983,983,03:20:00,D,11,373.93,c,syn_11C,5,IDT-Cas12a,03,20,00
984,984,03:20:00,A,13,403.546,a,alt-R_11C,50,NEB-Cas12a,03,20,00
985,985,03:20:00,B,13,4.029,a,alt-R_11C,0,NEB-Cas12a,03,20,00
986,986,03:20:00,C,13,420.936,a,alt-R_11C,50,IDT-Cas12a,03,20,00
987,987,03:20:00,D,13,3.901,a,alt-R_11C,0,IDT-Cas12a,03,20,00
988,988,03:20:00,A,15,405.11,b,alt-R_11C,50,NEB-Cas12a,03,20,00
989,989,03:20:00,B,15,4.038,b,alt-R_11C,0,NEB-Cas12a,03,20,00
990,990,03:20:00,C,15,382.142,b,alt-R_11C,50,IDT-Cas12a,03,20,00
991,991,03:20:00,D,15,4.005,b,alt-R_11C,0,IDT-Cas12a,03,20,00
992,992,03:20:00,A,17,396.562,c,alt-R_11C,50,NEB-Cas12a,03,20,00
993,993,03:20:00,B,17,4.091,c,alt-R_11C,0,NEB-Cas12a,03,20,00
994,994,03:20:00,C,17,411.23,c,alt-R_11C,50,IDT-Cas12a,03,20,00
995,995,03:20:00,D,17,3.579,c,alt-R_11C,0,IDT-Cas12a,03,20,00
996,996,03:20:00,A,19,361.965,a,syn_11C,50,NEB-Cas12a,03,20,00
997,997,03:20:00,B,19,3.719,a,syn_11C,0,NEB-Cas12a,03,20,00
998,998,03:20:00,C,19,392.552,a,syn_11C,50,IDT-Cas12a,03,20,00
999,999,03:20:00,D,19,3.399,a,syn_11C,0,IDT-Cas12a,03,20,00
1000,1000,03:20:00,A,21,347.667,b,syn_11C,50,NEB-Cas12a,03,20,00
1001,1001,03:20:00,B,21,4.208,b,syn_11C,0,NEB-Cas12a,03,20,00
1002,1002,03:20:00,C,21,370.35,b,syn_11C,50,IDT-Cas12a,03,20,00
1003,1003,03:20:00,D,21,3.686,b,syn_11C,0,IDT-Cas12a,03,20,00
1004,1004,03:20:00,A,23,319.833,c,syn_11C,50,NEB-Cas12a,03,20,00
1005,1005,03:20:00,B,23,4.063,c,syn_11C,0,NEB-Cas12a,03,20,00
1006,1006,03:20:00,C,23,342.436,c,syn_11C,50,IDT-Cas12a,03,20,00
1007,1007,03:20:00,D,23,3.463,c,syn_11C,0,IDT-Cas12a,03,20,00
1008,1008,03:30:00,A,1,356.315,a,alt-R_11C,500,NEB-Cas12a,03,30,00
1009,1009,03:30:00,B,1,331.881,a,alt-R_11C,5,NEB-Cas12a,03,30,00
1010,1010,03:30:00,C,1,374.491,a,alt-R_11C,500,IDT-Cas12a,03,30,00
1011,1011,03:30:00,D,1,337.452,a,alt-R_11C,5,IDT-Cas12a,03,30,00
1012,1012,03:30:00,A,3,358.834,b,alt-R_11C,500,NEB-Cas12a,03,30,00
1013,1013,03:30:00,B,3,349.375,b,alt-R_11C,5,NEB-Cas12a,03,30,00
1014,1014,03:30:00,C,3,377.387,b,alt-R_11C,500,IDT-Cas12a,03,30,00
1015,1015,03:30:00,D,3,363.651,b,alt-R_11C,5,IDT-Cas12a,03,30,00
1016,1016,03:30:00,A,5,397.93,c,alt-R_11C,500,NEB-Cas12a,03,30,00
1017,1017,03:30:00,B,5,362.934,c,alt-R_11C,5,NEB-Cas12a,03,30,00
1018,1018,03:30:00,C,5,378.24300000000005,c,alt-R_11C,500,IDT-Cas12a,03,30,00
1019,1019,03:30:00,D,5,392.008,c,alt-R_11C,5,IDT-Cas12a,03,30,00
1020,1020,03:30:00,A,7,367.562,a,syn_11C,500,NEB-Cas12a,03,30,00
1021,1021,03:30:00,B,7,356.38699999999994,a,syn_11C,5,NEB-Cas12a,03,30,00
1022,1022,03:30:00,C,7,385.838,a,syn_11C,500,IDT-Cas12a,03,30,00
1023,1023,03:30:00,D,7,360.343,a,syn_11C,5,IDT-Cas12a,03,30,00
1024,1024,03:30:00,A,9,392.937,b,syn_11C,500,NEB-Cas12a,03,30,00
1025,1025,03:30:00,B,9,353.617,b,syn_11C,5,NEB-Cas12a,03,30,00
1026,1026,03:30:00,C,9,422.422,b,syn_11C,500,IDT-Cas12a,03,30,00
1027,1027,03:30:00,D,9,389.723,b,syn_11C,5,IDT-Cas12a,03,30,00
1028,1028,03:30:00,A,11,401.93,c,syn_11C,500,NEB-Cas12a,03,30,00
1029,1029,03:30:00,B,11,327.908,c,syn_11C,5,NEB-Cas12a,03,30,00
1030,1030,03:30:00,C,11,405.663,c,syn_11C,500,IDT-Cas12a,03,30,00
1031,1031,03:30:00,D,11,376.888,c,syn_11C,5,IDT-Cas12a,03,30,00
1032,1032,03:30:00,A,13,399.325,a,alt-R_11C,50,NEB-Cas12a,03,30,00
1033,1033,03:30:00,B,13,3.927,a,alt-R_11C,0,NEB-Cas12a,03,30,00
1034,1034,03:30:00,C,13,419.008,a,alt-R_11C,50,IDT-Cas12a,03,30,00
1035,1035,03:30:00,D,13,3.784,a,alt-R_11C,0,IDT-Cas12a,03,30,00
1036,1036,03:30:00,A,15,404.114,b,alt-R_11C,50,NEB-Cas12a,03,30,00
1037,1037,03:30:00,B,15,4.037,b,alt-R_11C,0,NEB-Cas12a,03,30,00
1038,1038,03:30:00,C,15,380.02,b,alt-R_11C,50,IDT-Cas12a,03,30,00
1039,1039,03:30:00,D,15,4.098,b,alt-R_11C,0,IDT-Cas12a,03,30,00
1040,1040,03:30:00,A,17,394.936,c,alt-R_11C,50,NEB-Cas12a,03,30,00
1041,1041,03:30:00,B,17,3.701,c,alt-R_11C,0,NEB-Cas12a,03,30,00
1042,1042,03:30:00,C,17,414.718,c,alt-R_11C,50,IDT-Cas12a,03,30,00
1043,1043,03:30:00,D,17,3.713,c,alt-R_11C,0,IDT-Cas12a,03,30,00
1044,1044,03:30:00,A,19,355.164,a,syn_11C,50,NEB-Cas12a,03,30,00
1045,1045,03:30:00,B,19,3.748,a,syn_11C,0,NEB-Cas12a,03,30,00
1046,1046,03:30:00,C,19,390.30300000000005,a,syn_11C,50,IDT-Cas12a,03,30,00
1047,1047,03:30:00,D,19,3.349,a,syn_11C,0,IDT-Cas12a,03,30,00
1048,1048,03:30:00,A,21,346.897,b,syn_11C,50,NEB-Cas12a,03,30,00
1049,1049,03:30:00,B,21,4.089,b,syn_11C,0,NEB-Cas12a,03,30,00
1050,1050,03:30:00,C,21,370.377,b,syn_11C,50,IDT-Cas12a,03,30,00
1051,1051,03:30:00,D,21,3.548,b,syn_11C,0,IDT-Cas12a,03,30,00
1052,1052,03:30:00,A,23,317.922,c,syn_11C,50,NEB-Cas12a,03,30,00
1053,1053,03:30:00,B,23,4.053,c,syn_11C,0,NEB-Cas12a,03,30,00
1054,1054,03:30:00,C,23,342.171,c,syn_11C,50,IDT-Cas12a,03,30,00
1055,1055,03:30:00,D,23,3.555,c,syn_11C,0,IDT-Cas12a,03,30,00
1056,1056,03:40:00,A,1,361.275,a,alt-R_11C,500,NEB-Cas12a,03,40,00
1057,1057,03:40:00,B,1,334.483,a,alt-R_11C,5,NEB-Cas12a,03,40,00
1058,1058,03:40:00,C,1,383.229,a,alt-R_11C,500,IDT-Cas12a,03,40,00
1059,1059,03:40:00,D,1,342.97,a,alt-R_11C,5,IDT-Cas12a,03,40,00
1060,1060,03:40:00,A,3,363.287,b,alt-R_11C,500,NEB-Cas12a,03,40,00
1061,1061,03:40:00,B,3,353.69699999999995,b,alt-R_11C,5,NEB-Cas12a,03,40,00
1062,1062,03:40:00,C,3,381.483,b,alt-R_11C,500,IDT-Cas12a,03,40,00
1063,1063,03:40:00,D,3,370.904,b,alt-R_11C,5,IDT-Cas12a,03,40,00
1064,1064,03:40:00,A,5,404.906,c,alt-R_11C,500,NEB-Cas12a,03,40,00
1065,1065,03:40:00,B,5,367.911,c,alt-R_11C,5,NEB-Cas12a,03,40,00
1066,1066,03:40:00,C,5,383.033,c,alt-R_11C,500,IDT-Cas12a,03,40,00
1067,1067,03:40:00,D,5,395.184,c,alt-R_11C,5,IDT-Cas12a,03,40,00
1068,1068,03:40:00,A,7,370.266,a,syn_11C,500,NEB-Cas12a,03,40,00
1069,1069,03:40:00,B,7,363.735,a,syn_11C,5,NEB-Cas12a,03,40,00
1070,1070,03:40:00,C,7,389.255,a,syn_11C,500,IDT-Cas12a,03,40,00
1071,1071,03:40:00,D,7,367.121,a,syn_11C,5,IDT-Cas12a,03,40,00
1072,1072,03:40:00,A,9,394.825,b,syn_11C,500,NEB-Cas12a,03,40,00
1073,1073,03:40:00,B,9,357.94199999999995,b,syn_11C,5,NEB-Cas12a,03,40,00
1074,1074,03:40:00,C,9,431.97,b,syn_11C,500,IDT-Cas12a,03,40,00
1075,1075,03:40:00,D,9,396.414,b,syn_11C,5,IDT-Cas12a,03,40,00
1076,1076,03:40:00,A,11,406.032,c,syn_11C,500,NEB-Cas12a,03,40,00
1077,1077,03:40:00,B,11,335.115,c,syn_11C,5,NEB-Cas12a,03,40,00
1078,1078,03:40:00,C,11,411.869,c,syn_11C,500,IDT-Cas12a,03,40,00
1079,1079,03:40:00,D,11,379.911,c,syn_11C,5,IDT-Cas12a,03,40,00
1080,1080,03:40:00,A,13,405.604,a,alt-R_11C,50,NEB-Cas12a,03,40,00
1081,1081,03:40:00,B,13,4.033,a,alt-R_11C,0,NEB-Cas12a,03,40,00
1082,1082,03:40:00,C,13,426.638,a,alt-R_11C,50,IDT-Cas12a,03,40,00
1083,1083,03:40:00,D,13,4.089,a,alt-R_11C,0,IDT-Cas12a,03,40,00
1084,1084,03:40:00,A,15,415.229,b,alt-R_11C,50,NEB-Cas12a,03,40,00
1085,1085,03:40:00,B,15,4.0,b,alt-R_11C,0,NEB-Cas12a,03,40,00
1086,1086,03:40:00,C,15,384.422,b,alt-R_11C,50,IDT-Cas12a,03,40,00
1087,1087,03:40:00,D,15,3.97,b,alt-R_11C,0,IDT-Cas12a,03,40,00
1088,1088,03:40:00,A,17,402.325,c,alt-R_11C,50,NEB-Cas12a,03,40,00
1089,1089,03:40:00,B,17,4.004,c,alt-R_11C,0,NEB-Cas12a,03,40,00
1090,1090,03:40:00,C,17,421.508,c,alt-R_11C,50,IDT-Cas12a,03,40,00
1091,1091,03:40:00,D,17,3.617,c,alt-R_11C,0,IDT-Cas12a,03,40,00
1092,1092,03:40:00,A,19,363.349,a,syn_11C,50,NEB-Cas12a,03,40,00
1093,1093,03:40:00,B,19,3.859,a,syn_11C,0,NEB-Cas12a,03,40,00
1094,1094,03:40:00,C,19,395.366,a,syn_11C,50,IDT-Cas12a,03,40,00
1095,1095,03:40:00,D,19,3.49,a,syn_11C,0,IDT-Cas12a,03,40,00
1096,1096,03:40:00,A,21,350.6090000000001,b,syn_11C,50,NEB-Cas12a,03,40,00
1097,1097,03:40:00,B,21,4.027,b,syn_11C,0,NEB-Cas12a,03,40,00
1098,1098,03:40:00,C,21,375.01,b,syn_11C,50,IDT-Cas12a,03,40,00
1099,1099,03:40:00,D,21,3.727,b,syn_11C,0,IDT-Cas12a,03,40,00
1100,1100,03:40:00,A,23,324.0440000000001,c,syn_11C,50,NEB-Cas12a,03,40,00
1101,1101,03:40:00,B,23,3.939,c,syn_11C,0,NEB-Cas12a,03,40,00
1102,1102,03:40:00,C,23,345.9380000000001,c,syn_11C,50,IDT-Cas12a,03,40,00
1103,1103,03:40:00,D,23,3.352,c,syn_11C,0,IDT-Cas12a,03,40,00
1104,1104,03:50:00,A,1,360.853,a,alt-R_11C,500,NEB-Cas12a,03,50,00
1105,1105,03:50:00,B,1,335.103,a,alt-R_11C,5,NEB-Cas12a,03,50,00
1106,1106,03:50:00,C,1,381.722,a,alt-R_11C,500,IDT-Cas12a,03,50,00
1107,1107,03:50:00,D,1,343.88,a,alt-R_11C,5,IDT-Cas12a,03,50,00
1108,1108,03:50:00,A,3,359.849,b,alt-R_11C,500,NEB-Cas12a,03,50,00
1109,1109,03:50:00,B,3,356.422,b,alt-R_11C,5,NEB-Cas12a,03,50,00
1110,1110,03:50:00,C,3,378.358,b,alt-R_11C,500,IDT-Cas12a,03,50,00
1111,1111,03:50:00,D,3,371.436,b,alt-R_11C,5,IDT-Cas12a,03,50,00
1112,1112,03:50:00,A,5,407.155,c,alt-R_11C,500,NEB-Cas12a,03,50,00
1113,1113,03:50:00,B,5,367.767,c,alt-R_11C,5,NEB-Cas12a,03,50,00
1114,1114,03:50:00,C,5,384.304,c,alt-R_11C,500,IDT-Cas12a,03,50,00
1115,1115,03:50:00,D,5,398.585,c,alt-R_11C,5,IDT-Cas12a,03,50,00
1116,1116,03:50:00,A,7,374.88,a,syn_11C,500,NEB-Cas12a,03,50,00
1117,1117,03:50:00,B,7,366.54,a,syn_11C,5,NEB-Cas12a,03,50,00
1118,1118,03:50:00,C,7,393.424,a,syn_11C,500,IDT-Cas12a,03,50,00
1119,1119,03:50:00,D,7,371.165,a,syn_11C,5,IDT-Cas12a,03,50,00
1120,1120,03:50:00,A,9,398.139,b,syn_11C,500,NEB-Cas12a,03,50,00
1121,1121,03:50:00,B,9,365.559,b,syn_11C,5,NEB-Cas12a,03,50,00
1122,1122,03:50:00,C,9,432.645,b,syn_11C,500,IDT-Cas12a,03,50,00
1123,1123,03:50:00,D,9,400.482,b,syn_11C,5,IDT-Cas12a,03,50,00
1124,1124,03:50:00,A,11,414.31,c,syn_11C,500,NEB-Cas12a,03,50,00
1125,1125,03:50:00,B,11,338.955,c,syn_11C,5,NEB-Cas12a,03,50,00
1126,1126,03:50:00,C,11,414.426,c,syn_11C,500,IDT-Cas12a,03,50,00
1127,1127,03:50:00,D,11,383.014,c,syn_11C,5,IDT-Cas12a,03,50,00
1128,1128,03:50:00,A,13,410.625,a,alt-R_11C,50,NEB-Cas12a,03,50,00
1129,1129,03:50:00,B,13,3.99,a,alt-R_11C,0,NEB-Cas12a,03,50,00
1130,1130,03:50:00,C,13,428.98800000000006,a,alt-R_11C,50,IDT-Cas12a,03,50,00
1131,1131,03:50:00,D,13,3.952,a,alt-R_11C,0,IDT-Cas12a,03,50,00
1132,1132,03:50:00,A,15,413.814,b,alt-R_11C,50,NEB-Cas12a,03,50,00
1133,1133,03:50:00,B,15,3.911,b,alt-R_11C,0,NEB-Cas12a,03,50,00
1134,1134,03:50:00,C,15,388.426,b,alt-R_11C,50,IDT-Cas12a,03,50,00
1135,1135,03:50:00,D,15,4.112,b,alt-R_11C,0,IDT-Cas12a,03,50,00
1136,1136,03:50:00,A,17,403.606,c,alt-R_11C,50,NEB-Cas12a,03,50,00
1137,1137,03:50:00,B,17,4.074,c,alt-R_11C,0,NEB-Cas12a,03,50,00
1138,1138,03:50:00,C,17,421.179,c,alt-R_11C,50,IDT-Cas12a,03,50,00
1139,1139,03:50:00,D,17,3.923,c,alt-R_11C,0,IDT-Cas12a,03,50,00
1140,1140,03:50:00,A,19,365.675,a,syn_11C,50,NEB-Cas12a,03,50,00
1141,1141,03:50:00,B,19,3.901,a,syn_11C,0,NEB-Cas12a,03,50,00
1142,1142,03:50:00,C,19,393.92,a,syn_11C,50,IDT-Cas12a,03,50,00
1143,1143,03:50:00,D,19,3.46,a,syn_11C,0,IDT-Cas12a,03,50,00
1144,1144,03:50:00,A,21,355.398,b,syn_11C,50,NEB-Cas12a,03,50,00
1145,1145,03:50:00,B,21,3.897,b,syn_11C,0,NEB-Cas12a,03,50,00
1146,1146,03:50:00,C,21,377.3130000000001,b,syn_11C,50,IDT-Cas12a,03,50,00
1147,1147,03:50:00,D,21,3.649,b,syn_11C,0,IDT-Cas12a,03,50,00
1148,1148,03:50:00,A,23,324.716,c,syn_11C,50,NEB-Cas12a,03,50,00
1149,1149,03:50:00,B,23,4.0680000000000005,c,syn_11C,0,NEB-Cas12a,03,50,00
1150,1150,03:50:00,C,23,349.4,c,syn_11C,50,IDT-Cas12a,03,50,00
1151,1151,03:50:00,D,23,3.419,c,syn_11C,0,IDT-Cas12a,03,50,00
1152,1152,04:00:00,A,1,363.379,a,alt-R_11C,500,NEB-Cas12a,04,00,00
1153,1153,04:00:00,B,1,338.005,a,alt-R_11C,5,NEB-Cas12a,04,00,00
1154,1154,04:00:00,C,1,384.505,a,alt-R_11C,500,IDT-Cas12a,04,00,00
1155,1155,04:00:00,D,1,346.1869999999999,a,alt-R_11C,5,IDT-Cas12a,04,00,00
1156,1156,04:00:00,A,3,360.854,b,alt-R_11C,500,NEB-Cas12a,04,00,00
1157,1157,04:00:00,B,3,361.492,b,alt-R_11C,5,NEB-Cas12a,04,00,00
1158,1158,04:00:00,C,3,384.645,b,alt-R_11C,500,IDT-Cas12a,04,00,00
1159,1159,04:00:00,D,3,376.288,b,alt-R_11C,5,IDT-Cas12a,04,00,00
1160,1160,04:00:00,A,5,415.108,c,alt-R_11C,500,NEB-Cas12a,04,00,00
1161,1161,04:00:00,B,5,373.676,c,alt-R_11C,5,NEB-Cas12a,04,00,00
1162,1162,04:00:00,C,5,391.068,c,alt-R_11C,500,IDT-Cas12a,04,00,00
1163,1163,04:00:00,D,5,404.735,c,alt-R_11C,5,IDT-Cas12a,04,00,00
1164,1164,04:00:00,A,7,375.775,a,syn_11C,500,NEB-Cas12a,04,00,00
1165,1165,04:00:00,B,7,372.555,a,syn_11C,5,NEB-Cas12a,04,00,00
1166,1166,04:00:00,C,7,396.841,a,syn_11C,500,IDT-Cas12a,04,00,00
1167,1167,04:00:00,D,7,378.662,a,syn_11C,5,IDT-Cas12a,04,00,00
1168,1168,04:00:00,A,9,403.254,b,syn_11C,500,NEB-Cas12a,04,00,00
1169,1169,04:00:00,B,9,368.502,b,syn_11C,5,NEB-Cas12a,04,00,00
1170,1170,04:00:00,C,9,438.856,b,syn_11C,500,IDT-Cas12a,04,00,00
1171,1171,04:00:00,D,9,405.782,b,syn_11C,5,IDT-Cas12a,04,00,00
1172,1172,04:00:00,A,11,417.714,c,syn_11C,500,NEB-Cas12a,04,00,00
1173,1173,04:00:00,B,11,342.939,c,syn_11C,5,NEB-Cas12a,04,00,00
1174,1174,04:00:00,C,11,418.952,c,syn_11C,500,IDT-Cas12a,04,00,00
1175,1175,04:00:00,D,11,388.23,c,syn_11C,5,IDT-Cas12a,04,00,00
1176,1176,04:00:00,A,13,417.48800000000006,a,alt-R_11C,50,NEB-Cas12a,04,00,00
1177,1177,04:00:00,B,13,3.879,a,alt-R_11C,0,NEB-Cas12a,04,00,00
1178,1178,04:00:00,C,13,438.47,a,alt-R_11C,50,IDT-Cas12a,04,00,00
1179,1179,04:00:00,D,13,3.943,a,alt-R_11C,0,IDT-Cas12a,04,00,00
1180,1180,04:00:00,A,15,419.642,b,alt-R_11C,50,NEB-Cas12a,04,00,00
1181,1181,04:00:00,B,15,4.063,b,alt-R_11C,0,NEB-Cas12a,04,00,00
1182,1182,04:00:00,C,15,388.615,b,alt-R_11C,50,IDT-Cas12a,04,00,00
1183,1183,04:00:00,D,15,3.996,b,alt-R_11C,0,IDT-Cas12a,04,00,00
1184,1184,04:00:00,A,17,408.566,c,alt-R_11C,50,NEB-Cas12a,04,00,00
1185,1185,04:00:00,B,17,4.086,c,alt-R_11C,0,NEB-Cas12a,04,00,00
1186,1186,04:00:00,C,17,424.453,c,alt-R_11C,50,IDT-Cas12a,04,00,00
1187,1187,04:00:00,D,17,3.487,c,alt-R_11C,0,IDT-Cas12a,04,00,00
1188,1188,04:00:00,A,19,366.753,a,syn_11C,50,NEB-Cas12a,04,00,00
1189,1189,04:00:00,B,19,3.727,a,syn_11C,0,NEB-Cas12a,04,00,00
1190,1190,04:00:00,C,19,401.991,a,syn_11C,50,IDT-Cas12a,04,00,00
1191,1191,04:00:00,D,19,3.48,a,syn_11C,0,IDT-Cas12a,04,00,00
1192,1192,04:00:00,A,21,356.327,b,syn_11C,50,NEB-Cas12a,04,00,00
1193,1193,04:00:00,B,21,4.082,b,syn_11C,0,NEB-Cas12a,04,00,00
1194,1194,04:00:00,C,21,383.404,b,syn_11C,50,IDT-Cas12a,04,00,00
1195,1195,04:00:00,D,21,3.466,b,syn_11C,0,IDT-Cas12a,04,00,00
1196,1196,04:00:00,A,23,331.6869999999999,c,syn_11C,50,NEB-Cas12a,04,00,00
1197,1197,04:00:00,B,23,4.148,c,syn_11C,0,NEB-Cas12a,04,00,00
1198,1198,04:00:00,C,23,355.531,c,syn_11C,50,IDT-Cas12a,04,00,00
1199,1199,04:00:00,D,23,3.551,c,syn_11C,0,IDT-Cas12a,04,00,00
