,time,row_384,column_384,rfu_value
0,00:00:00,A,1,9.087
1,00:00:00,B,1,1.982
2,00:00:00,C,1,8.881
3,00:00:00,D,1,2.082
4,00:00:00,E,1,8.901
5,00:00:00,F,1,2.072
6,00:00:00,G,1,8.273
7,00:00:00,H,1,2.13
8,00:00:00,I,1,13.767999999999999
9,00:00:00,J,1,2.17
10,00:00:00,K,1,7.314
11,00:00:00,L,1,2.083
12,00:00:00,M,1,8.136000000000001
13,00:00:00,N,1,1.943
14,00:00:00,O,1,6.736000000000001
15,00:00:00,P,1,4.136
16,00:00:00,A,3,8.356
17,00:00:00,B,3,1.944
18,00:00:00,C,3,8.446
19,00:00:00,D,3,2.03
20,00:00:00,E,3,8.562000000000001
21,00:00:00,F,3,1.949
22,00:00:00,G,3,8.373
23,00:00:00,H,3,1.88
24,00:00:00,I,3,14.56
25,00:00:00,J,3,2.028
26,00:00:00,K,3,7.58
27,00:00:00,L,3,1.8319999999999999
28,00:00:00,M,3,7.39
29,00:00:00,N,3,1.8559999999999999
30,00:00:00,O,3,6.882999999999999
31,00:00:00,P,3,4.467
32,00:00:00,A,5,8.581
33,00:00:00,B,5,1.8319999999999999
34,00:00:00,C,5,9.242
35,00:00:00,D,5,1.85
36,00:00:00,E,5,9.006
37,00:00:00,F,5,1.9709999999999999
38,00:00:00,G,5,9.038
39,00:00:00,H,5,2.009
40,00:00:00,I,5,14.792
41,00:00:00,J,5,1.8840000000000001
42,00:00:00,K,5,7.462000000000001
43,00:00:00,L,5,1.7590000000000001
44,00:00:00,M,5,7.095
45,00:00:00,N,5,1.9409999999999998
46,00:00:00,O,5,7.077999999999999
47,00:00:00,P,5,4.0489999999999995
48,00:00:00,A,7,8.911
49,00:00:00,B,7,2.108
50,00:00:00,C,7,9.817
51,00:00:00,D,7,1.962
52,00:00:00,E,7,24.703000000000003
53,00:00:00,F,7,1.775
54,00:00:00,G,7,7.955
55,00:00:00,H,7,1.85
56,00:00:00,I,7,8.21
57,00:00:00,J,7,1.8330000000000002
58,00:00:00,K,7,7.45
59,00:00:00,L,7,1.9369999999999998
60,00:00:00,M,7,7.108
61,00:00:00,N,7,2.092
62,00:00:00,O,7,6.735
63,00:00:00,P,7,1.786
64,00:00:00,A,9,8.564
65,00:00:00,B,9,1.868
66,00:00:00,C,9,7.774
67,00:00:00,D,9,2.003
68,00:00:00,E,9,22.621
69,00:00:00,F,9,1.8159999999999998
70,00:00:00,G,9,7.669
71,00:00:00,H,9,1.8880000000000001
72,00:00:00,I,9,7.66
73,00:00:00,J,9,1.7930000000000001
74,00:00:00,K,9,7.361000000000001
75,00:00:00,L,9,1.926
76,00:00:00,M,9,7.178
77,00:00:00,N,9,1.9069999999999998
78,00:00:00,O,9,6.829
79,00:00:00,P,9,1.962
80,00:00:00,A,11,7.952000000000001
81,00:00:00,B,11,1.859
82,00:00:00,C,11,8.622
83,00:00:00,D,11,1.9969999999999999
84,00:00:00,E,11,26.215
85,00:00:00,F,11,1.9069999999999998
86,00:00:00,G,11,8.333
87,00:00:00,H,11,1.8619999999999999
88,00:00:00,I,11,8.123
89,00:00:00,J,11,1.78
90,00:00:00,K,11,8.922
91,00:00:00,L,11,1.9180000000000001
92,00:00:00,M,11,7.606
93,00:00:00,N,11,1.953
94,00:00:00,O,11,6.968
95,00:00:00,P,11,2.0269999999999997
96,00:00:00,A,13,24.980999999999998
97,00:00:00,B,13,1.886
98,00:00:00,C,13,9.713
99,00:00:00,D,13,2.069
100,00:00:00,E,13,9.549
101,00:00:00,F,13,1.9869999999999999
102,00:00:00,G,13,9.335
103,00:00:00,H,13,1.895
104,00:00:00,I,13,8.271
105,00:00:00,J,13,1.936
106,00:00:00,K,13,8.19
107,00:00:00,L,13,1.972
108,00:00:00,M,13,7.803
109,00:00:00,N,13,1.84
110,00:00:00,O,13,15.877
111,00:00:00,P,13,2.059
112,00:00:00,A,15,26.955
113,00:00:00,B,15,2.075
114,00:00:00,C,15,6.729
115,00:00:00,D,15,2.1109999999999998
116,00:00:00,E,15,9.562999999999999
117,00:00:00,F,15,1.994
118,00:00:00,G,15,8.666
119,00:00:00,H,15,2.0580000000000003
120,00:00:00,I,15,7.569
121,00:00:00,J,15,2.02
122,00:00:00,K,15,6.58
123,00:00:00,L,15,2.149
124,00:00:00,M,15,6.768
125,00:00:00,N,15,1.819
126,00:00:00,O,15,17.314
127,00:00:00,P,15,1.869
128,00:00:00,A,17,25.244
129,00:00:00,B,17,2.1919999999999997
130,00:00:00,C,17,9.424
131,00:00:00,D,17,1.98
132,00:00:00,E,17,7.441
133,00:00:00,F,17,2.062
134,00:00:00,G,17,9.044
135,00:00:00,H,17,2.033
136,00:00:00,I,17,6.718
137,00:00:00,J,17,1.994
138,00:00:00,K,17,7.215
139,00:00:00,L,17,1.986
140,00:00:00,M,17,6.957999999999999
141,00:00:00,N,17,2.0540000000000003
142,00:00:00,O,17,17.523
143,00:00:00,P,17,1.757
144,00:00:00,A,19,6.864
145,00:00:00,B,19,1.7209999999999999
146,00:00:00,C,19,7.734
147,00:00:00,D,19,1.895
148,00:00:00,E,19,9.288
149,00:00:00,F,19,1.882
150,00:00:00,G,19,8.959
151,00:00:00,H,19,1.982
152,00:00:00,I,19,9.472000000000001
153,00:00:00,J,19,1.764
154,00:00:00,K,19,8.35
155,00:00:00,L,19,1.92
156,00:00:00,M,19,7.772
157,00:00:00,N,19,1.725
158,00:00:00,O,19,12.565
159,00:00:00,P,19,1.944
160,00:00:00,A,21,8.351
161,00:00:00,B,21,1.825
162,00:00:00,C,21,7.792000000000001
163,00:00:00,D,21,1.9769999999999999
164,00:00:00,E,21,9.488
165,00:00:00,F,21,2.0180000000000002
166,00:00:00,G,21,6.757000000000001
167,00:00:00,H,21,2.031
168,00:00:00,I,21,7.837999999999999
169,00:00:00,J,21,2.074
170,00:00:00,K,21,8.453
171,00:00:00,L,21,2.055
172,00:00:00,M,21,7.519
173,00:00:00,N,21,1.8840000000000001
174,00:00:00,O,21,13.139000000000001
175,00:00:00,P,21,1.831
176,00:00:00,A,23,6.022
177,00:00:00,B,23,1.797
178,00:00:00,C,23,6.292000000000001
179,00:00:00,D,23,1.944
180,00:00:00,E,23,6.347
181,00:00:00,F,23,1.83
182,00:00:00,G,23,5.921
183,00:00:00,H,23,1.8659999999999999
184,00:00:00,I,23,5.391
185,00:00:00,J,23,1.89
186,00:00:00,K,23,5.892
187,00:00:00,L,23,1.92
188,00:00:00,M,23,5.485
189,00:00:00,N,23,1.7619999999999998
190,00:00:00,O,23,8.796
191,00:00:00,P,23,1.87
192,00:10:00,A,1,14.038
193,00:10:00,B,1,1.79
194,00:10:00,C,1,15.341
195,00:10:00,D,1,2.008
196,00:10:00,E,1,14.867
197,00:10:00,F,1,1.984
198,00:10:00,G,1,14.915999999999999
199,00:10:00,H,1,1.8840000000000001
200,00:10:00,I,1,34.43
201,00:10:00,J,1,1.8980000000000001
202,00:10:00,K,1,12.671
203,00:10:00,L,1,2.033
204,00:10:00,M,1,15.354000000000001
205,00:10:00,N,1,1.851
206,00:10:00,O,1,12.966
207,00:10:00,P,1,5.297999999999999
208,00:10:00,A,3,14.312000000000001
209,00:10:00,B,3,1.956
210,00:10:00,C,3,15.152999999999999
211,00:10:00,D,3,1.787
212,00:10:00,E,3,15.443
213,00:10:00,F,3,1.8090000000000002
214,00:10:00,G,3,15.603
215,00:10:00,H,3,2.021
216,00:10:00,I,3,36.61
217,00:10:00,J,3,1.82
218,00:10:00,K,3,14.405
219,00:10:00,L,3,1.9709999999999999
220,00:10:00,M,3,13.908
221,00:10:00,N,3,1.9080000000000001
222,00:10:00,O,3,12.275
223,00:10:00,P,3,5.7860000000000005
224,00:10:00,A,5,16.315
225,00:10:00,B,5,1.9040000000000001
226,00:10:00,C,5,17.944000000000003
227,00:10:00,D,5,1.7890000000000001
228,00:10:00,E,5,18.213
229,00:10:00,F,5,2.02
230,00:10:00,G,5,18.179000000000002
231,00:10:00,H,5,1.785
232,00:10:00,I,5,38.915
233,00:10:00,J,5,1.77
234,00:10:00,K,5,15.89
235,00:10:00,L,5,1.9280000000000002
236,00:10:00,M,5,14.447000000000001
237,00:10:00,N,5,1.854
238,00:10:00,O,5,12.967
239,00:10:00,P,5,5.729
240,00:10:00,A,7,17.784000000000002
241,00:10:00,B,7,1.8359999999999999
242,00:10:00,C,7,19.359
243,00:10:00,D,7,1.876
244,00:10:00,E,7,70.426
245,00:10:00,F,7,1.9269999999999998
246,00:10:00,G,7,16.484
247,00:10:00,H,7,1.896
248,00:10:00,I,7,17.528
249,00:10:00,J,7,1.8019999999999998
250,00:10:00,K,7,15.963
251,00:10:00,L,7,1.983
252,00:10:00,M,7,15.071
253,00:10:00,N,7,1.8630000000000002
254,00:10:00,O,7,14.048
255,00:10:00,P,7,1.785
256,00:10:00,A,9,14.687999999999999
257,00:10:00,B,9,1.858
258,00:10:00,C,9,13.378
259,00:10:00,D,9,1.96
260,00:10:00,E,9,66.21600000000001
261,00:10:00,F,9,1.8559999999999999
262,00:10:00,G,9,13.789000000000001
263,00:10:00,H,9,1.817
264,00:10:00,I,9,15.007
265,00:10:00,J,9,1.89
266,00:10:00,K,9,13.735
267,00:10:00,L,9,1.726
268,00:10:00,M,9,12.572000000000001
269,00:10:00,N,9,1.861
270,00:10:00,O,9,12.424000000000001
271,00:10:00,P,9,1.83
272,00:10:00,A,11,13.526
273,00:10:00,B,11,1.807
274,00:10:00,C,11,16.201
275,00:10:00,D,11,1.811
276,00:10:00,E,11,75.59899999999999
277,00:10:00,F,11,1.76
278,00:10:00,G,11,16.053
279,00:10:00,H,11,1.7630000000000001
280,00:10:00,I,11,17.365
281,00:10:00,J,11,1.7209999999999999
282,00:10:00,K,11,19.658
283,00:10:00,L,11,1.6869999999999998
284,00:10:00,M,11,14.0
285,00:10:00,N,11,1.857
286,00:10:00,O,11,13.652000000000001
287,00:10:00,P,11,1.935
288,00:10:00,A,13,68.056
289,00:10:00,B,13,1.859
290,00:10:00,C,13,18.262999999999998
291,00:10:00,D,13,1.848
292,00:10:00,E,13,18.393
293,00:10:00,F,13,1.932
294,00:10:00,G,13,18.25
295,00:10:00,H,13,1.715
296,00:10:00,I,13,16.102999999999998
297,00:10:00,J,13,1.77
298,00:10:00,K,13,18.243
299,00:10:00,L,13,1.885
300,00:10:00,M,13,16.643
301,00:10:00,N,13,1.953
302,00:10:00,O,13,50.636
303,00:10:00,P,13,1.923
304,00:10:00,A,15,75.03699999999999
305,00:10:00,B,15,1.786
306,00:10:00,C,15,10.225
307,00:10:00,D,15,1.879
308,00:10:00,E,15,19.059
309,00:10:00,F,15,1.96
310,00:10:00,G,15,15.872
311,00:10:00,H,15,1.8840000000000001
312,00:10:00,I,15,14.087
313,00:10:00,J,15,1.901
314,00:10:00,K,15,11.547
315,00:10:00,L,15,1.966
316,00:10:00,M,15,11.549000000000001
317,00:10:00,N,15,1.7830000000000001
318,00:10:00,O,15,56.782
319,00:10:00,P,15,1.865
320,00:10:00,A,17,66.007
321,00:10:00,B,17,1.8869999999999998
322,00:10:00,C,17,18.07
323,00:10:00,D,17,1.859
324,00:10:00,E,17,12.543
325,00:10:00,F,17,1.85
326,00:10:00,G,17,18.292
327,00:10:00,H,17,1.9269999999999998
328,00:10:00,I,17,11.164000000000001
329,00:10:00,J,17,2.142
330,00:10:00,K,17,12.684000000000001
331,00:10:00,L,17,1.964
332,00:10:00,M,17,11.498
333,00:10:00,N,17,1.723
334,00:10:00,O,17,58.228
335,00:10:00,P,17,1.821
336,00:10:00,A,19,12.370999999999999
337,00:10:00,B,19,1.778
338,00:10:00,C,19,14.023
339,00:10:00,D,19,1.8780000000000001
340,00:10:00,E,19,17.714000000000002
341,00:10:00,F,19,2.039
342,00:10:00,G,19,20.975
343,00:10:00,H,19,2.113
344,00:10:00,I,19,22.538
345,00:10:00,J,19,1.7480000000000002
346,00:10:00,K,19,18.539
347,00:10:00,L,19,1.838
348,00:10:00,M,19,18.255
349,00:10:00,N,19,1.685
350,00:10:00,O,19,39.054
351,00:10:00,P,19,1.774
352,00:10:00,A,21,16.563
353,00:10:00,B,21,1.67
354,00:10:00,C,21,14.453
355,00:10:00,D,21,1.899
356,00:10:00,E,21,19.66
357,00:10:00,F,21,1.858
358,00:10:00,G,21,13.898
359,00:10:00,H,21,1.7630000000000001
360,00:10:00,I,21,15.807
361,00:10:00,J,21,2.033
362,00:10:00,K,21,18.596
363,00:10:00,L,21,1.7930000000000001
364,00:10:00,M,21,17.070999999999998
365,00:10:00,N,21,1.834
366,00:10:00,O,21,41.486999999999995
367,00:10:00,P,21,1.62
368,00:10:00,A,23,9.274
369,00:10:00,B,23,1.876
370,00:10:00,C,23,8.259
371,00:10:00,D,23,1.827
372,00:10:00,E,23,8.682
373,00:10:00,F,23,1.905
374,00:10:00,G,23,8.359
375,00:10:00,H,23,1.9
376,00:10:00,I,23,8.3
377,00:10:00,J,23,1.923
378,00:10:00,K,23,8.139
379,00:10:00,L,23,1.716
380,00:10:00,M,23,7.615
381,00:10:00,N,23,1.791
382,00:10:00,O,23,25.107
383,00:10:00,P,23,1.7
384,00:20:00,A,1,23.86
385,00:20:00,B,1,1.88
386,00:20:00,C,1,26.031
387,00:20:00,D,1,1.9880000000000002
388,00:20:00,E,1,24.857
389,00:20:00,F,1,2.0380000000000003
390,00:20:00,G,1,25.143
391,00:20:00,H,1,1.936
392,00:20:00,I,1,65.223
393,00:20:00,J,1,1.8419999999999999
394,00:20:00,K,1,21.612
395,00:20:00,L,1,2.036
396,00:20:00,M,1,27.09
397,00:20:00,N,1,2.006
398,00:20:00,O,1,23.36
399,00:20:00,P,1,6.803999999999999
400,00:20:00,A,3,25.276999999999997
401,00:20:00,B,3,1.86
402,00:20:00,C,3,26.398000000000003
403,00:20:00,D,3,2.039
404,00:20:00,E,3,26.426
405,00:20:00,F,3,1.8359999999999999
406,00:20:00,G,3,26.428
407,00:20:00,H,3,1.848
408,00:20:00,I,3,72.72800000000001
409,00:20:00,J,3,2.052
410,00:20:00,K,3,25.228
411,00:20:00,L,3,1.7890000000000001
412,00:20:00,M,3,25.055
413,00:20:00,N,3,1.919
414,00:20:00,O,3,21.915
415,00:20:00,P,3,7.539
416,00:20:00,A,5,28.715
417,00:20:00,B,5,1.845
418,00:20:00,C,5,32.323
419,00:20:00,D,5,1.7830000000000001
420,00:20:00,E,5,33.029
421,00:20:00,F,5,1.9040000000000001
422,00:20:00,G,5,33.913000000000004
423,00:20:00,H,5,2.011
424,00:20:00,I,5,76.559
425,00:20:00,J,5,1.675
426,00:20:00,K,5,29.23
427,00:20:00,L,5,1.757
428,00:20:00,M,5,25.576999999999998
429,00:20:00,N,5,1.7309999999999999
430,00:20:00,O,5,23.143
431,00:20:00,P,5,7.8629999999999995
432,00:20:00,A,7,31.230999999999998
433,00:20:00,B,7,2.056
434,00:20:00,C,7,34.699
435,00:20:00,D,7,1.851
436,00:20:00,E,7,137.243
437,00:20:00,F,7,1.781
438,00:20:00,G,7,30.81
439,00:20:00,H,7,1.94
440,00:20:00,I,7,31.035
441,00:20:00,J,7,1.7619999999999998
442,00:20:00,K,7,29.166
443,00:20:00,L,7,1.8419999999999999
444,00:20:00,M,7,28.295
445,00:20:00,N,7,1.847
446,00:20:00,O,7,25.23
447,00:20:00,P,7,1.48
448,00:20:00,A,9,24.787
449,00:20:00,B,9,1.588
450,00:20:00,C,9,22.451999999999998
451,00:20:00,D,9,1.8330000000000002
452,00:20:00,E,9,127.594
453,00:20:00,F,9,1.794
454,00:20:00,G,9,23.113000000000003
455,00:20:00,H,9,1.805
456,00:20:00,I,9,26.127
457,00:20:00,J,9,1.831
458,00:20:00,K,9,23.613000000000003
459,00:20:00,L,9,1.9080000000000001
460,00:20:00,M,9,21.693
461,00:20:00,N,9,1.829
462,00:20:00,O,9,21.375
463,00:20:00,P,9,1.761
464,00:20:00,A,11,24.413
465,00:20:00,B,11,1.74
466,00:20:00,C,11,28.392
467,00:20:00,D,11,1.844
468,00:20:00,E,11,146.572
469,00:20:00,F,11,1.7269999999999999
470,00:20:00,G,11,29.500999999999998
471,00:20:00,H,11,1.88
472,00:20:00,I,11,29.974
473,00:20:00,J,11,1.632
474,00:20:00,K,11,38.486
475,00:20:00,L,11,1.775
476,00:20:00,M,11,26.511
477,00:20:00,N,11,1.641
478,00:20:00,O,11,24.525
479,00:20:00,P,11,1.845
480,00:20:00,A,13,125.008
481,00:20:00,B,13,1.709
482,00:20:00,C,13,32.825
483,00:20:00,D,13,1.93
484,00:20:00,E,13,33.734
485,00:20:00,F,13,1.9709999999999999
486,00:20:00,G,13,33.372
487,00:20:00,H,13,1.768
488,00:20:00,I,13,28.905
489,00:20:00,J,13,1.7180000000000002
490,00:20:00,K,13,33.334
491,00:20:00,L,13,1.949
492,00:20:00,M,13,30.555
493,00:20:00,N,13,1.8519999999999999
494,00:20:00,O,13,102.71700000000001
495,00:20:00,P,13,1.724
496,00:20:00,A,15,143.112
497,00:20:00,B,15,1.8780000000000001
498,00:20:00,C,15,15.395
499,00:20:00,D,15,1.855
500,00:20:00,E,15,34.823
501,00:20:00,F,15,1.96
502,00:20:00,G,15,27.531
503,00:20:00,H,15,1.8780000000000001
504,00:20:00,I,15,24.826999999999998
505,00:20:00,J,15,1.845
506,00:20:00,K,15,18.262999999999998
507,00:20:00,L,15,1.8430000000000002
508,00:20:00,M,15,19.463
509,00:20:00,N,15,1.834
510,00:20:00,O,15,114.35
511,00:20:00,P,15,1.7
512,00:20:00,A,17,123.745
513,00:20:00,B,17,1.903
514,00:20:00,C,17,31.658
515,00:20:00,D,17,2.0
516,00:20:00,E,17,19.301
517,00:20:00,F,17,1.79
518,00:20:00,G,17,34.228
519,00:20:00,H,17,2.068
520,00:20:00,I,17,18.363
521,00:20:00,J,17,1.8119999999999998
522,00:20:00,K,17,21.619
523,00:20:00,L,17,1.879
524,00:20:00,M,17,19.774
525,00:20:00,N,17,1.765
526,00:20:00,O,17,113.714
527,00:20:00,P,17,1.758
528,00:20:00,A,19,21.686
529,00:20:00,B,19,1.758
530,00:20:00,C,19,24.706999999999997
531,00:20:00,D,19,1.8359999999999999
532,00:20:00,E,19,33.854
533,00:20:00,F,19,1.885
534,00:20:00,G,19,39.777
535,00:20:00,H,19,2.008
536,00:20:00,I,19,44.27
537,00:20:00,J,19,1.7819999999999998
538,00:20:00,K,19,33.966
539,00:20:00,L,19,1.6909999999999998
540,00:20:00,M,19,33.946999999999996
541,00:20:00,N,19,1.743
542,00:20:00,O,19,76.069
543,00:20:00,P,19,1.6380000000000001
544,00:20:00,A,21,30.051
545,00:20:00,B,21,1.795
546,00:20:00,C,21,25.01
547,00:20:00,D,21,1.869
548,00:20:00,E,21,36.99
549,00:20:00,F,21,1.902
550,00:20:00,G,21,24.456999999999997
551,00:20:00,H,21,1.936
552,00:20:00,I,21,29.558000000000003
553,00:20:00,J,21,1.847
554,00:20:00,K,21,34.236999999999995
555,00:20:00,L,21,1.754
556,00:20:00,M,21,32.103
557,00:20:00,N,21,1.723
558,00:20:00,O,21,81.096
559,00:20:00,P,21,1.699
560,00:20:00,A,23,13.234000000000002
561,00:20:00,B,23,1.929
562,00:20:00,C,23,12.315999999999999
563,00:20:00,D,23,1.804
564,00:20:00,E,23,12.751
565,00:20:00,F,23,1.979
566,00:20:00,G,23,12.638
567,00:20:00,H,23,1.85
568,00:20:00,I,23,11.843
569,00:20:00,J,23,1.892
570,00:20:00,K,23,12.442
571,00:20:00,L,23,1.86
572,00:20:00,M,23,11.665
573,00:20:00,N,23,1.791
574,00:20:00,O,23,49.211999999999996
575,00:20:00,P,23,1.692
576,00:30:00,A,1,34.618
577,00:30:00,B,1,1.903
578,00:30:00,C,1,39.496
579,00:30:00,D,1,1.933
580,00:30:00,E,1,36.927
581,00:30:00,F,1,2.0
582,00:30:00,G,1,37.336
583,00:30:00,H,1,1.925
584,00:30:00,I,1,97.51700000000001
585,00:30:00,J,1,1.954
586,00:30:00,K,1,32.538000000000004
587,00:30:00,L,1,1.973
588,00:30:00,M,1,40.937
589,00:30:00,N,1,1.9709999999999999
590,00:30:00,O,1,34.815
591,00:30:00,P,1,8.277999999999999
592,00:30:00,A,3,36.795
593,00:30:00,B,3,1.8419999999999999
594,00:30:00,C,3,39.65
595,00:30:00,D,3,1.868
596,00:30:00,E,3,39.254
597,00:30:00,F,3,1.757
598,00:30:00,G,3,38.728
599,00:30:00,H,3,1.781
600,00:30:00,I,3,107.135
601,00:30:00,J,3,1.835
602,00:30:00,K,3,37.418
603,00:30:00,L,3,1.985
604,00:30:00,M,3,37.721
605,00:30:00,N,3,1.837
606,00:30:00,O,3,33.823
607,00:30:00,P,3,9.772
608,00:30:00,A,5,42.012
609,00:30:00,B,5,1.817
610,00:30:00,C,5,47.617
611,00:30:00,D,5,1.786
612,00:30:00,E,5,50.418
613,00:30:00,F,5,1.767
614,00:30:00,G,5,50.928000000000004
615,00:30:00,H,5,1.9709999999999999
616,00:30:00,I,5,112.569
617,00:30:00,J,5,1.806
618,00:30:00,K,5,43.066
619,00:30:00,L,5,1.838
620,00:30:00,M,5,38.889
621,00:30:00,N,5,1.797
622,00:30:00,O,5,34.885999999999996
623,00:30:00,P,5,10.009
624,00:30:00,A,7,45.965
625,00:30:00,B,7,1.909
626,00:30:00,C,7,49.805
627,00:30:00,D,7,1.875
628,00:30:00,E,7,200.05599999999998
629,00:30:00,F,7,1.7409999999999999
630,00:30:00,G,7,45.361999999999995
631,00:30:00,H,7,1.9069999999999998
632,00:30:00,I,7,46.412
633,00:30:00,J,7,1.857
634,00:30:00,K,7,41.732
635,00:30:00,L,7,1.8130000000000002
636,00:30:00,M,7,41.852
637,00:30:00,N,7,1.719
638,00:30:00,O,7,37.826
639,00:30:00,P,7,1.758
640,00:30:00,A,9,36.266
641,00:30:00,B,9,1.794
642,00:30:00,C,9,32.711
643,00:30:00,D,9,1.6669999999999998
644,00:30:00,E,9,190.91099999999997
645,00:30:00,F,9,1.81
646,00:30:00,G,9,33.573
647,00:30:00,H,9,1.845
648,00:30:00,I,9,39.287
649,00:30:00,J,9,1.7819999999999998
650,00:30:00,K,9,34.06
651,00:30:00,L,9,1.9680000000000002
652,00:30:00,M,9,30.994
653,00:30:00,N,9,1.962
654,00:30:00,O,9,31.002
655,00:30:00,P,9,1.8980000000000001
656,00:30:00,A,11,34.999
657,00:30:00,B,11,1.828
658,00:30:00,C,11,41.58
659,00:30:00,D,11,1.8840000000000001
660,00:30:00,E,11,213.62599999999998
661,00:30:00,F,11,1.755
662,00:30:00,G,11,44.111999999999995
663,00:30:00,H,11,1.8090000000000002
664,00:30:00,I,11,44.891000000000005
665,00:30:00,J,11,1.889
666,00:30:00,K,11,56.891000000000005
667,00:30:00,L,11,1.8019999999999998
668,00:30:00,M,11,39.304
669,00:30:00,N,11,1.892
670,00:30:00,O,11,36.61
671,00:30:00,P,11,1.817
672,00:30:00,A,13,181.75599999999997
673,00:30:00,B,13,1.7069999999999999
674,00:30:00,C,13,47.963
675,00:30:00,D,13,1.929
676,00:30:00,E,13,51.826
677,00:30:00,F,13,2.026
678,00:30:00,G,13,49.881
679,00:30:00,H,13,1.796
680,00:30:00,I,13,41.883
681,00:30:00,J,13,1.8430000000000002
682,00:30:00,K,13,49.757
683,00:30:00,L,13,1.903
684,00:30:00,M,13,46.708
685,00:30:00,N,13,1.767
686,00:30:00,O,13,151.782
687,00:30:00,P,13,1.757
688,00:30:00,A,15,207.864
689,00:30:00,B,15,1.93
690,00:30:00,C,15,22.625999999999998
691,00:30:00,D,15,1.858
692,00:30:00,E,15,52.738
693,00:30:00,F,15,1.79
694,00:30:00,G,15,42.61
695,00:30:00,H,15,1.956
696,00:30:00,I,15,36.938
697,00:30:00,J,15,2.024
698,00:30:00,K,15,26.081
699,00:30:00,L,15,1.9080000000000001
700,00:30:00,M,15,28.365
701,00:30:00,N,15,1.84
702,00:30:00,O,15,168.40099999999998
703,00:30:00,P,15,1.845
704,00:30:00,A,17,182.547
705,00:30:00,B,17,1.8869999999999998
706,00:30:00,C,17,47.611000000000004
707,00:30:00,D,17,1.734
708,00:30:00,E,17,28.680999999999997
709,00:30:00,F,17,1.8359999999999999
710,00:30:00,G,17,50.751000000000005
711,00:30:00,H,17,1.896
712,00:30:00,I,17,26.545
713,00:30:00,J,17,1.806
714,00:30:00,K,17,31.660999999999998
715,00:30:00,L,17,1.8619999999999999
716,00:30:00,M,17,28.217
717,00:30:00,N,17,1.86
718,00:30:00,O,17,164.63
719,00:30:00,P,17,1.848
720,00:30:00,A,19,32.328
721,00:30:00,B,19,1.694
722,00:30:00,C,19,36.289
723,00:30:00,D,19,1.9680000000000002
724,00:30:00,E,19,49.193000000000005
725,00:30:00,F,19,1.979
726,00:30:00,G,19,59.108000000000004
727,00:30:00,H,19,1.979
728,00:30:00,I,19,67.307
729,00:30:00,J,19,1.7269999999999999
730,00:30:00,K,19,51.742
731,00:30:00,L,19,1.807
732,00:30:00,M,19,50.888999999999996
733,00:30:00,N,19,1.8030000000000002
734,00:30:00,O,19,113.18799999999999
735,00:30:00,P,19,1.682
736,00:30:00,A,21,44.95399999999999
737,00:30:00,B,21,1.696
738,00:30:00,C,21,38.067
739,00:30:00,D,21,1.807
740,00:30:00,E,21,55.347
741,00:30:00,F,21,1.7409999999999999
742,00:30:00,G,21,37.576
743,00:30:00,H,21,1.867
744,00:30:00,I,21,45.4
745,00:30:00,J,21,1.869
746,00:30:00,K,21,51.657
747,00:30:00,L,21,1.76
748,00:30:00,M,21,47.105
749,00:30:00,N,21,1.831
750,00:30:00,O,21,114.93700000000001
751,00:30:00,P,21,1.784
752,00:30:00,A,23,19.195999999999998
753,00:30:00,B,23,1.656
754,00:30:00,C,23,16.645
755,00:30:00,D,23,1.859
756,00:30:00,E,23,17.432000000000002
757,00:30:00,F,23,1.93
758,00:30:00,G,23,17.197
759,00:30:00,H,23,1.78
760,00:30:00,I,23,16.187
761,00:30:00,J,23,1.8159999999999998
762,00:30:00,K,23,16.750999999999998
763,00:30:00,L,23,1.791
764,00:30:00,M,23,15.356
765,00:30:00,N,23,1.8030000000000002
766,00:30:00,O,23,73.238
767,00:30:00,P,23,1.588
768,00:40:00,A,1,47.324
769,00:40:00,B,1,1.974
770,00:40:00,C,1,52.566
771,00:40:00,D,1,1.831
772,00:40:00,E,1,50.387
773,00:40:00,F,1,1.972
774,00:40:00,G,1,50.09
775,00:40:00,H,1,1.8019999999999998
776,00:40:00,I,1,130.852
777,00:40:00,J,1,1.834
778,00:40:00,K,1,44.49
779,00:40:00,L,1,1.788
780,00:40:00,M,1,54.016999999999996
781,00:40:00,N,1,1.8769999999999998
782,00:40:00,O,1,48.015
783,00:40:00,P,1,10.167
784,00:40:00,A,3,49.323
785,00:40:00,B,3,1.882
786,00:40:00,C,3,53.023999999999994
787,00:40:00,D,3,2.023
788,00:40:00,E,3,52.108999999999995
789,00:40:00,F,3,1.906
790,00:40:00,G,3,51.799
791,00:40:00,H,3,1.8840000000000001
792,00:40:00,I,3,140.403
793,00:40:00,J,3,1.787
794,00:40:00,K,3,50.97
795,00:40:00,L,3,1.9340000000000002
796,00:40:00,M,3,49.599
797,00:40:00,N,3,1.9669999999999999
798,00:40:00,O,3,45.881
799,00:40:00,P,3,11.76
800,00:40:00,A,5,55.813
801,00:40:00,B,5,1.7619999999999998
802,00:40:00,C,5,65.47
803,00:40:00,D,5,1.732
804,00:40:00,E,5,71.062
805,00:40:00,F,5,1.771
806,00:40:00,G,5,69.66
807,00:40:00,H,5,1.7819999999999998
808,00:40:00,I,5,147.023
809,00:40:00,J,5,1.839
810,00:40:00,K,5,57.793
811,00:40:00,L,5,1.729
812,00:40:00,M,5,51.148
813,00:40:00,N,5,1.797
814,00:40:00,O,5,48.808
815,00:40:00,P,5,12.218
816,00:40:00,A,7,62.229
817,00:40:00,B,7,1.9080000000000001
818,00:40:00,C,7,66.16199999999999
819,00:40:00,D,7,1.7719999999999998
820,00:40:00,E,7,254.49599999999998
821,00:40:00,F,7,1.6769999999999998
822,00:40:00,G,7,60.498000000000005
823,00:40:00,H,7,1.745
824,00:40:00,I,7,61.597
825,00:40:00,J,7,1.827
826,00:40:00,K,7,55.395
827,00:40:00,L,7,1.9240000000000002
828,00:40:00,M,7,57.29600000000001
829,00:40:00,N,7,1.868
830,00:40:00,O,7,53.239
831,00:40:00,P,7,1.78
832,00:40:00,A,9,50.059
833,00:40:00,B,9,1.821
834,00:40:00,C,9,44.523
835,00:40:00,D,9,1.849
836,00:40:00,E,9,246.52200000000002
837,00:40:00,F,9,1.829
838,00:40:00,G,9,45.994
839,00:40:00,H,9,1.9180000000000001
840,00:40:00,I,9,53.254
841,00:40:00,J,9,1.71
842,00:40:00,K,9,45.33
843,00:40:00,L,9,1.9080000000000001
844,00:40:00,M,9,42.596000000000004
845,00:40:00,N,9,2.039
846,00:40:00,O,9,42.405
847,00:40:00,P,9,1.929
848,00:40:00,A,11,48.566
849,00:40:00,B,11,1.8519999999999999
850,00:40:00,C,11,54.273
851,00:40:00,D,11,1.757
852,00:40:00,E,11,276.072
853,00:40:00,F,11,2.008
854,00:40:00,G,11,59.372
855,00:40:00,H,11,1.795
856,00:40:00,I,11,60.238
857,00:40:00,J,11,1.735
858,00:40:00,K,11,76.348
859,00:40:00,L,11,1.834
860,00:40:00,M,11,53.063
861,00:40:00,N,11,1.67
862,00:40:00,O,11,47.919
863,00:40:00,P,11,1.932
864,00:40:00,A,13,239.738
865,00:40:00,B,13,1.9169999999999998
866,00:40:00,C,13,66.25399999999999
867,00:40:00,D,13,1.848
868,00:40:00,E,13,71.572
869,00:40:00,F,13,1.838
870,00:40:00,G,13,68.418
871,00:40:00,H,13,1.774
872,00:40:00,I,13,55.828
873,00:40:00,J,13,1.885
874,00:40:00,K,13,63.728
875,00:40:00,L,13,1.864
876,00:40:00,M,13,62.361000000000004
877,00:40:00,N,13,1.758
878,00:40:00,O,13,199.52
879,00:40:00,P,13,1.7830000000000001
880,00:40:00,A,15,266.628
881,00:40:00,B,15,1.932
882,00:40:00,C,15,29.019000000000002
883,00:40:00,D,15,1.984
884,00:40:00,E,15,73.086
885,00:40:00,F,15,1.973
886,00:40:00,G,15,57.785
887,00:40:00,H,15,1.867
888,00:40:00,I,15,49.783
889,00:40:00,J,15,1.8119999999999998
890,00:40:00,K,15,35.42
891,00:40:00,L,15,2.032
892,00:40:00,M,15,37.691
893,00:40:00,N,15,1.963
894,00:40:00,O,15,216.295
895,00:40:00,P,15,1.645
896,00:40:00,A,17,238.176
897,00:40:00,B,17,1.848
898,00:40:00,C,17,64.788
899,00:40:00,D,17,1.844
900,00:40:00,E,17,38.603
901,00:40:00,F,17,1.89
902,00:40:00,G,17,67.694
903,00:40:00,H,17,1.982
904,00:40:00,I,17,35.416
905,00:40:00,J,17,1.9240000000000002
906,00:40:00,K,17,42.663000000000004
907,00:40:00,L,17,1.875
908,00:40:00,M,17,37.576
909,00:40:00,N,17,1.889
910,00:40:00,O,17,205.53
911,00:40:00,P,17,1.859
912,00:40:00,A,19,44.955
913,00:40:00,B,19,1.5330000000000001
914,00:40:00,C,19,50.7
915,00:40:00,D,19,1.733
916,00:40:00,E,19,66.237
917,00:40:00,F,19,1.9480000000000002
918,00:40:00,G,19,77.915
919,00:40:00,H,19,1.9169999999999998
920,00:40:00,I,19,91.322
921,00:40:00,J,19,1.94
922,00:40:00,K,19,71.289
923,00:40:00,L,19,1.715
924,00:40:00,M,19,67.605
925,00:40:00,N,19,1.7409999999999999
926,00:40:00,O,19,146.385
927,00:40:00,P,19,1.6680000000000001
928,00:40:00,A,21,62.298
929,00:40:00,B,21,1.78
930,00:40:00,C,21,51.69
931,00:40:00,D,21,1.81
932,00:40:00,E,21,76.987
933,00:40:00,F,21,1.7590000000000001
934,00:40:00,G,21,47.574
935,00:40:00,H,21,1.9569999999999999
936,00:40:00,I,21,63.016000000000005
937,00:40:00,J,21,1.9180000000000001
938,00:40:00,K,21,69.682
939,00:40:00,L,21,1.556
940,00:40:00,M,21,63.028999999999996
941,00:40:00,N,21,1.901
942,00:40:00,O,21,153.127
943,00:40:00,P,21,1.806
944,00:40:00,A,23,24.676
945,00:40:00,B,23,1.8730000000000002
946,00:40:00,C,23,22.416
947,00:40:00,D,23,1.6740000000000002
948,00:40:00,E,23,23.24
949,00:40:00,F,23,1.9680000000000002
950,00:40:00,G,23,22.49
951,00:40:00,H,23,1.8030000000000002
952,00:40:00,I,23,21.619
953,00:40:00,J,23,1.797
954,00:40:00,K,23,21.849
955,00:40:00,L,23,1.8319999999999999
956,00:40:00,M,23,19.752
957,00:40:00,N,23,1.767
958,00:40:00,O,23,98.819
959,00:40:00,P,23,1.682
960,00:50:00,A,1,61.696999999999996
961,00:50:00,B,1,1.732
962,00:50:00,C,1,65.615
963,00:50:00,D,1,1.9
964,00:50:00,E,1,62.568000000000005
965,00:50:00,F,1,1.925
966,00:50:00,G,1,60.461000000000006
967,00:50:00,H,1,1.94
968,00:50:00,I,1,160.265
969,00:50:00,J,1,2.0469999999999997
970,00:50:00,K,1,56.848
971,00:50:00,L,1,1.964
972,00:50:00,M,1,65.797
973,00:50:00,N,1,1.837
974,00:50:00,O,1,61.131
975,00:50:00,P,1,12.231
976,00:50:00,A,3,62.202
977,00:50:00,B,3,1.643
978,00:50:00,C,3,66.818
979,00:50:00,D,3,1.879
980,00:50:00,E,3,65.66199999999999
981,00:50:00,F,3,1.912
982,00:50:00,G,3,63.941
983,00:50:00,H,3,1.756
984,00:50:00,I,3,171.554
985,00:50:00,J,3,1.8319999999999999
986,00:50:00,K,3,63.657
987,00:50:00,L,3,1.932
988,00:50:00,M,3,62.016999999999996
989,00:50:00,N,3,1.7619999999999998
990,00:50:00,O,3,59.229
991,00:50:00,P,3,14.994000000000002
992,00:50:00,A,5,69.60600000000001
993,00:50:00,B,5,1.784
994,00:50:00,C,5,81.346
995,00:50:00,D,5,1.6969999999999998
996,00:50:00,E,5,90.61399999999999
997,00:50:00,F,5,1.925
998,00:50:00,G,5,87.29299999999999
999,00:50:00,H,5,1.848
1000,00:50:00,I,5,179.27599999999998
1001,00:50:00,J,5,1.8880000000000001
1002,00:50:00,K,5,72.002
1003,00:50:00,L,5,1.6369999999999998
1004,00:50:00,M,5,63.645
1005,00:50:00,N,5,1.818
1006,00:50:00,O,5,64.442
1007,00:50:00,P,5,14.764000000000001
1008,00:50:00,A,7,77.92699999999999
1009,00:50:00,B,7,1.807
1010,00:50:00,C,7,81.895
1011,00:50:00,D,7,1.861
1012,00:50:00,E,7,297.765
1013,00:50:00,F,7,1.906
1014,00:50:00,G,7,76.658
1015,00:50:00,H,7,1.808
1016,00:50:00,I,7,78.594
1017,00:50:00,J,7,1.834
1018,00:50:00,K,7,70.008
1019,00:50:00,L,7,1.7919999999999998
1020,00:50:00,M,7,69.433
1021,00:50:00,N,7,1.8430000000000002
1022,00:50:00,O,7,66.55
1023,00:50:00,P,7,1.83
1024,00:50:00,A,9,63.275
1025,00:50:00,B,9,1.933
1026,00:50:00,C,9,56.379
1027,00:50:00,D,9,1.8359999999999999
1028,00:50:00,E,9,298.322
1029,00:50:00,F,9,1.86
1030,00:50:00,G,9,58.566
1031,00:50:00,H,9,1.899
1032,00:50:00,I,9,65.643
1033,00:50:00,J,9,1.771
1034,00:50:00,K,9,57.266999999999996
1035,00:50:00,L,9,1.881
1036,00:50:00,M,9,52.176
1037,00:50:00,N,9,1.7519999999999998
1038,00:50:00,O,9,50.903
1039,00:50:00,P,9,1.7819999999999998
1040,00:50:00,A,11,63.415
1041,00:50:00,B,11,1.6980000000000002
1042,00:50:00,C,11,68.925
1043,00:50:00,D,11,1.912
1044,00:50:00,E,11,321.725
1045,00:50:00,F,11,1.9140000000000001
1046,00:50:00,G,11,76.181
1047,00:50:00,H,11,1.974
1048,00:50:00,I,11,76.765
1049,00:50:00,J,11,1.774
1050,00:50:00,K,11,97.551
1051,00:50:00,L,11,1.861
1052,00:50:00,M,11,67.0
1053,00:50:00,N,11,1.869
1054,00:50:00,O,11,61.513999999999996
1055,00:50:00,P,11,1.815
1056,00:50:00,A,13,287.068
1057,00:50:00,B,13,1.923
1058,00:50:00,C,13,83.272
1059,00:50:00,D,13,1.89
1060,00:50:00,E,13,90.428
1061,00:50:00,F,13,1.8940000000000001
1062,00:50:00,G,13,89.102
1063,00:50:00,H,13,1.8619999999999999
1064,00:50:00,I,13,71.109
1065,00:50:00,J,13,1.786
1066,00:50:00,K,13,81.251
1067,00:50:00,L,13,1.9
1068,00:50:00,M,13,78.884
1069,00:50:00,N,13,1.8419999999999999
1070,00:50:00,O,13,234.827
1071,00:50:00,P,13,1.796
1072,00:50:00,A,15,315.024
1073,00:50:00,B,15,1.9780000000000002
1074,00:50:00,C,15,37.385999999999996
1075,00:50:00,D,15,1.899
1076,00:50:00,E,15,91.22200000000001
1077,00:50:00,F,15,1.982
1078,00:50:00,G,15,72.209
1079,00:50:00,H,15,2.0140000000000002
1080,00:50:00,I,15,64.09100000000001
1081,00:50:00,J,15,1.73
1082,00:50:00,K,15,45.033
1083,00:50:00,L,15,2.0069999999999997
1084,00:50:00,M,15,47.42100000000001
1085,00:50:00,N,15,1.881
1086,00:50:00,O,15,255.918
1087,00:50:00,P,15,1.82
1088,00:50:00,A,17,289.825
1089,00:50:00,B,17,1.7890000000000001
1090,00:50:00,C,17,81.79899999999999
1091,00:50:00,D,17,2.016
1092,00:50:00,E,17,49.838
1093,00:50:00,F,17,1.933
1094,00:50:00,G,17,82.61399999999999
1095,00:50:00,H,17,1.818
1096,00:50:00,I,17,45.31100000000001
1097,00:50:00,J,17,1.7690000000000001
1098,00:50:00,K,17,55.18600000000001
1099,00:50:00,L,17,1.854
1100,00:50:00,M,17,46.172
1101,00:50:00,N,17,1.837
1102,00:50:00,O,17,246.49900000000002
1103,00:50:00,P,17,1.75
1104,00:50:00,A,19,58.355
1105,00:50:00,B,19,1.6769999999999998
1106,00:50:00,C,19,65.84899999999999
1107,00:50:00,D,19,1.818
1108,00:50:00,E,19,82.454
1109,00:50:00,F,19,2.069
1110,00:50:00,G,19,99.31700000000001
1111,00:50:00,H,19,1.9509999999999998
1112,00:50:00,I,19,116.022
1113,00:50:00,J,19,1.8019999999999998
1114,00:50:00,K,19,89.74700000000001
1115,00:50:00,L,19,1.743
1116,00:50:00,M,19,84.78200000000001
1117,00:50:00,N,19,1.805
1118,00:50:00,O,19,181.577
1119,00:50:00,P,19,1.739
1120,00:50:00,A,21,78.954
1121,00:50:00,B,21,1.874
1122,00:50:00,C,21,66.855
1123,00:50:00,D,21,1.719
1124,00:50:00,E,21,96.22
1125,00:50:00,F,21,1.835
1126,00:50:00,G,21,63.979
1127,00:50:00,H,21,1.992
1128,00:50:00,I,21,79.741
1129,00:50:00,J,21,1.93
1130,00:50:00,K,21,88.60700000000001
1131,00:50:00,L,21,1.896
1132,00:50:00,M,21,80.28
1133,00:50:00,N,21,1.889
1134,00:50:00,O,21,188.454
1135,00:50:00,P,21,1.889
1136,00:50:00,A,23,31.255
1137,00:50:00,B,23,1.6669999999999998
1138,00:50:00,C,23,27.904
1139,00:50:00,D,23,1.7719999999999998
1140,00:50:00,E,23,28.427
1141,00:50:00,F,23,1.795
1142,00:50:00,G,23,27.885
1143,00:50:00,H,23,1.964
1144,00:50:00,I,23,26.944000000000003
1145,00:50:00,J,23,1.972
1146,00:50:00,K,23,26.673000000000002
1147,00:50:00,L,23,1.774
1148,00:50:00,M,23,25.34
1149,00:50:00,N,23,1.715
1150,00:50:00,O,23,120.34
1151,00:50:00,P,23,1.646
1152,,A,1,
1153,,B,1,
1154,,C,1,
1155,,D,1,
1156,,E,1,
1157,,F,1,
1158,,G,1,
1159,,H,1,
1160,,I,1,
1161,,J,1,
1162,,K,1,
1163,,L,1,
1164,,M,1,
1165,,N,1,
1166,,O,1,
1167,,P,1,
1168,,A,3,
1169,,B,3,
1170,,C,3,
1171,,D,3,
1172,,E,3,
1173,,F,3,
1174,,G,3,
1175,,H,3,
1176,,I,3,
1177,,J,3,
1178,,K,3,
1179,,L,3,
1180,,M,3,
1181,,N,3,
1182,,O,3,
1183,,P,3,
1184,,A,5,
1185,,B,5,
1186,,C,5,
1187,,D,5,
1188,,E,5,
1189,,F,5,
1190,,G,5,
1191,,H,5,
1192,,I,5,
1193,,J,5,
1194,,K,5,
1195,,L,5,
1196,,M,5,
1197,,N,5,
1198,,O,5,
1199,,P,5,
1200,,A,7,
1201,,B,7,
1202,,C,7,
1203,,D,7,
1204,,E,7,
1205,,F,7,
1206,,G,7,
1207,,H,7,
1208,,I,7,
1209,,J,7,
1210,,K,7,
1211,,L,7,
1212,,M,7,
1213,,N,7,
1214,,O,7,
1215,,P,7,
1216,,A,9,
1217,,B,9,
1218,,C,9,
1219,,D,9,
1220,,E,9,
1221,,F,9,
1222,,G,9,
1223,,H,9,
1224,,I,9,
1225,,J,9,
1226,,K,9,
1227,,L,9,
1228,,M,9,
1229,,N,9,
1230,,O,9,
1231,,P,9,
1232,,A,11,
1233,,B,11,
1234,,C,11,
1235,,D,11,
1236,,E,11,
1237,,F,11,
1238,,G,11,
1239,,H,11,
1240,,I,11,
1241,,J,11,
1242,,K,11,
1243,,L,11,
1244,,M,11,
1245,,N,11,
1246,,O,11,
1247,,P,11,
1248,,A,13,
1249,,B,13,
1250,,C,13,
1251,,D,13,
1252,,E,13,
1253,,F,13,
1254,,G,13,
1255,,H,13,
1256,,I,13,
1257,,J,13,
1258,,K,13,
1259,,L,13,
1260,,M,13,
1261,,N,13,
1262,,O,13,
1263,,P,13,
1264,,A,15,
1265,,B,15,
1266,,C,15,
1267,,D,15,
1268,,E,15,
1269,,F,15,
1270,,G,15,
1271,,H,15,
1272,,I,15,
1273,,J,15,
1274,,K,15,
1275,,L,15,
1276,,M,15,
1277,,N,15,
1278,,O,15,
1279,,P,15,
1280,,A,17,
1281,,B,17,
1282,,C,17,
1283,,D,17,
1284,,E,17,
1285,,F,17,
1286,,G,17,
1287,,H,17,
1288,,I,17,
1289,,J,17,
1290,,K,17,
1291,,L,17,
1292,,M,17,
1293,,N,17,
1294,,O,17,
1295,,P,17,
1296,,A,19,
1297,,B,19,
1298,,C,19,
1299,,D,19,
1300,,E,19,
1301,,F,19,
1302,,G,19,
1303,,H,19,
1304,,I,19,
1305,,J,19,
1306,,K,19,
1307,,L,19,
1308,,M,19,
1309,,N,19,
1310,,O,19,
1311,,P,19,
1312,,A,21,
1313,,B,21,
1314,,C,21,
1315,,D,21,
1316,,E,21,
1317,,F,21,
1318,,G,21,
1319,,H,21,
1320,,I,21,
1321,,J,21,
1322,,K,21,
1323,,L,21,
1324,,M,21,
1325,,N,21,
1326,,O,21,
1327,,P,21,
1328,,A,23,
1329,,B,23,
1330,,C,23,
1331,,D,23,
1332,,E,23,
1333,,F,23,
1334,,G,23,
1335,,H,23,
1336,,I,23,
1337,,J,23,
1338,,K,23,
1339,,L,23,
1340,,M,23,
1341,,N,23,
1342,,O,23,
1343,,P,23,
1344,,A,1,
1345,,B,1,
1346,,C,1,
1347,,D,1,
1348,,E,1,
1349,,F,1,
1350,,G,1,
1351,,H,1,
1352,,I,1,
1353,,J,1,
1354,,K,1,
1355,,L,1,
1356,,M,1,
1357,,N,1,
1358,,O,1,
1359,,P,1,
1360,,A,3,
1361,,B,3,
1362,,C,3,
1363,,D,3,
1364,,E,3,
1365,,F,3,
1366,,G,3,
1367,,H,3,
1368,,I,3,
1369,,J,3,
1370,,K,3,
1371,,L,3,
1372,,M,3,
1373,,N,3,
1374,,O,3,
1375,,P,3,
1376,,A,5,
1377,,B,5,
1378,,C,5,
1379,,D,5,
1380,,E,5,
1381,,F,5,
1382,,G,5,
1383,,H,5,
1384,,I,5,
1385,,J,5,
1386,,K,5,
1387,,L,5,
1388,,M,5,
1389,,N,5,
1390,,O,5,
1391,,P,5,
1392,,A,7,
1393,,B,7,
1394,,C,7,
1395,,D,7,
1396,,E,7,
1397,,F,7,
1398,,G,7,
1399,,H,7,
1400,,I,7,
1401,,J,7,
1402,,K,7,
1403,,L,7,
1404,,M,7,
1405,,N,7,
1406,,O,7,
1407,,P,7,
1408,,A,9,
1409,,B,9,
1410,,C,9,
1411,,D,9,
1412,,E,9,
1413,,F,9,
1414,,G,9,
1415,,H,9,
1416,,I,9,
1417,,J,9,
1418,,K,9,
1419,,L,9,
1420,,M,9,
1421,,N,9,
1422,,O,9,
1423,,P,9,
1424,,A,11,
1425,,B,11,
1426,,C,11,
1427,,D,11,
1428,,E,11,
1429,,F,11,
1430,,G,11,
1431,,H,11,
1432,,I,11,
1433,,J,11,
1434,,K,11,
1435,,L,11,
1436,,M,11,
1437,,N,11,
1438,,O,11,
1439,,P,11,
1440,,A,13,
1441,,B,13,
1442,,C,13,
1443,,D,13,
1444,,E,13,
1445,,F,13,
1446,,G,13,
1447,,H,13,
1448,,I,13,
1449,,J,13,
1450,,K,13,
1451,,L,13,
1452,,M,13,
1453,,N,13,
1454,,O,13,
1455,,P,13,
1456,,A,15,
1457,,B,15,
1458,,C,15,
1459,,D,15,
1460,,E,15,
1461,,F,15,
1462,,G,15,
1463,,H,15,
1464,,I,15,
1465,,J,15,
1466,,K,15,
1467,,L,15,
1468,,M,15,
1469,,N,15,
1470,,O,15,
1471,,P,15,
1472,,A,17,
1473,,B,17,
1474,,C,17,
1475,,D,17,
1476,,E,17,
1477,,F,17,
1478,,G,17,
1479,,H,17,
1480,,I,17,
1481,,J,17,
1482,,K,17,
1483,,L,17,
1484,,M,17,
1485,,N,17,
1486,,O,17,
1487,,P,17,
1488,,A,19,
1489,,B,19,
1490,,C,19,
1491,,D,19,
1492,,E,19,
1493,,F,19,
1494,,G,19,
1495,,H,19,
1496,,I,19,
1497,,J,19,
1498,,K,19,
1499,,L,19,
1500,,M,19,
1501,,N,19,
1502,,O,19,
1503,,P,19,
1504,,A,21,
1505,,B,21,
1506,,C,21,
1507,,D,21,
1508,,E,21,
1509,,F,21,
1510,,G,21,
1511,,H,21,
1512,,I,21,
1513,,J,21,
1514,,K,21,
1515,,L,21,
1516,,M,21,
1517,,N,21,
1518,,O,21,
1519,,P,21,
1520,,A,23,
1521,,B,23,
1522,,C,23,
1523,,D,23,
1524,,E,23,
1525,,F,23,
1526,,G,23,
1527,,H,23,
1528,,I,23,
1529,,J,23,
1530,,K,23,
1531,,L,23,
1532,,M,23,
1533,,N,23,
1534,,O,23,
1535,,P,23,
1536,,A,1,
1537,,B,1,
1538,,C,1,
1539,,D,1,
1540,,E,1,
1541,,F,1,
1542,,G,1,
1543,,H,1,
1544,,I,1,
1545,,J,1,
1546,,K,1,
1547,,L,1,
1548,,M,1,
1549,,N,1,
1550,,O,1,
1551,,P,1,
1552,,A,3,
1553,,B,3,
1554,,C,3,
1555,,D,3,
1556,,E,3,
1557,,F,3,
1558,,G,3,
1559,,H,3,
1560,,I,3,
1561,,J,3,
1562,,K,3,
1563,,L,3,
1564,,M,3,
1565,,N,3,
1566,,O,3,
1567,,P,3,
1568,,A,5,
1569,,B,5,
1570,,C,5,
1571,,D,5,
1572,,E,5,
1573,,F,5,
1574,,G,5,
1575,,H,5,
1576,,I,5,
1577,,J,5,
1578,,K,5,
1579,,L,5,
1580,,M,5,
1581,,N,5,
1582,,O,5,
1583,,P,5,
1584,,A,7,
1585,,B,7,
1586,,C,7,
1587,,D,7,
1588,,E,7,
1589,,F,7,
1590,,G,7,
1591,,H,7,
1592,,I,7,
1593,,J,7,
1594,,K,7,
1595,,L,7,
1596,,M,7,
1597,,N,7,
1598,,O,7,
1599,,P,7,
1600,,A,9,
1601,,B,9,
1602,,C,9,
1603,,D,9,
1604,,E,9,
1605,,F,9,
1606,,G,9,
1607,,H,9,
1608,,I,9,
1609,,J,9,
1610,,K,9,
1611,,L,9,
1612,,M,9,
1613,,N,9,
1614,,O,9,
1615,,P,9,
1616,,A,11,
1617,,B,11,
1618,,C,11,
1619,,D,11,
1620,,E,11,
1621,,F,11,
1622,,G,11,
1623,,H,11,
1624,,I,11,
1625,,J,11,
1626,,K,11,
1627,,L,11,
1628,,M,11,
1629,,N,11,
1630,,O,11,
1631,,P,11,
1632,,A,13,
1633,,B,13,
1634,,C,13,
1635,,D,13,
1636,,E,13,
1637,,F,13,
1638,,G,13,
1639,,H,13,
1640,,I,13,
1641,,J,13,
1642,,K,13,
1643,,L,13,
1644,,M,13,
1645,,N,13,
1646,,O,13,
1647,,P,13,
1648,,A,15,
1649,,B,15,
1650,,C,15,
1651,,D,15,
1652,,E,15,
1653,,F,15,
1654,,G,15,
1655,,H,15,
1656,,I,15,
1657,,J,15,
1658,,K,15,
1659,,L,15,
1660,,M,15,
1661,,N,15,
1662,,O,15,
1663,,P,15,
1664,,A,17,
1665,,B,17,
1666,,C,17,
1667,,D,17,
1668,,E,17,
1669,,F,17,
1670,,G,17,
1671,,H,17,
1672,,I,17,
1673,,J,17,
1674,,K,17,
1675,,L,17,
1676,,M,17,
1677,,N,17,
1678,,O,17,
1679,,P,17,
1680,,A,19,
1681,,B,19,
1682,,C,19,
1683,,D,19,
1684,,E,19,
1685,,F,19,
1686,,G,19,
1687,,H,19,
1688,,I,19,
1689,,J,19,
1690,,K,19,
1691,,L,19,
1692,,M,19,
1693,,N,19,
1694,,O,19,
1695,,P,19,
1696,,A,21,
1697,,B,21,
1698,,C,21,
1699,,D,21,
1700,,E,21,
1701,,F,21,
1702,,G,21,
1703,,H,21,
1704,,I,21,
1705,,J,21,
1706,,K,21,
1707,,L,21,
1708,,M,21,
1709,,N,21,
1710,,O,21,
1711,,P,21,
1712,,A,23,
1713,,B,23,
1714,,C,23,
1715,,D,23,
1716,,E,23,
1717,,F,23,
1718,,G,23,
1719,,H,23,
1720,,I,23,
1721,,J,23,
1722,,K,23,
1723,,L,23,
1724,,M,23,
1725,,N,23,
1726,,O,23,
1727,,P,23,
1728,,A,1,
1729,,B,1,
1730,,C,1,
1731,,D,1,
1732,,E,1,
1733,,F,1,
1734,,G,1,
1735,,H,1,
1736,,I,1,
1737,,J,1,
1738,,K,1,
1739,,L,1,
1740,,M,1,
1741,,N,1,
1742,,O,1,
1743,,P,1,
1744,,A,3,
1745,,B,3,
1746,,C,3,
1747,,D,3,
1748,,E,3,
1749,,F,3,
1750,,G,3,
1751,,H,3,
1752,,I,3,
1753,,J,3,
1754,,K,3,
1755,,L,3,
1756,,M,3,
1757,,N,3,
1758,,O,3,
1759,,P,3,
1760,,A,5,
1761,,B,5,
1762,,C,5,
1763,,D,5,
1764,,E,5,
1765,,F,5,
1766,,G,5,
1767,,H,5,
1768,,I,5,
1769,,J,5,
1770,,K,5,
1771,,L,5,
1772,,M,5,
1773,,N,5,
1774,,O,5,
1775,,P,5,
1776,,A,7,
1777,,B,7,
1778,,C,7,
1779,,D,7,
1780,,E,7,
1781,,F,7,
1782,,G,7,
1783,,H,7,
1784,,I,7,
1785,,J,7,
1786,,K,7,
1787,,L,7,
1788,,M,7,
1789,,N,7,
1790,,O,7,
1791,,P,7,
1792,,A,9,
1793,,B,9,
1794,,C,9,
1795,,D,9,
1796,,E,9,
1797,,F,9,
1798,,G,9,
1799,,H,9,
1800,,I,9,
1801,,J,9,
1802,,K,9,
1803,,L,9,
1804,,M,9,
1805,,N,9,
1806,,O,9,
1807,,P,9,
1808,,A,11,
1809,,B,11,
1810,,C,11,
1811,,D,11,
1812,,E,11,
1813,,F,11,
1814,,G,11,
1815,,H,11,
1816,,I,11,
1817,,J,11,
1818,,K,11,
1819,,L,11,
1820,,M,11,
1821,,N,11,
1822,,O,11,
1823,,P,11,
1824,,A,13,
1825,,B,13,
1826,,C,13,
1827,,D,13,
1828,,E,13,
1829,,F,13,
1830,,G,13,
1831,,H,13,
1832,,I,13,
1833,,J,13,
1834,,K,13,
1835,,L,13,
1836,,M,13,
1837,,N,13,
1838,,O,13,
1839,,P,13,
1840,,A,15,
1841,,B,15,
1842,,C,15,
1843,,D,15,
1844,,E,15,
1845,,F,15,
1846,,G,15,
1847,,H,15,
1848,,I,15,
1849,,J,15,
1850,,K,15,
1851,,L,15,
1852,,M,15,
1853,,N,15,
1854,,O,15,
1855,,P,15,
1856,,A,17,
1857,,B,17,
1858,,C,17,
1859,,D,17,
1860,,E,17,
1861,,F,17,
1862,,G,17,
1863,,H,17,
1864,,I,17,
1865,,J,17,
1866,,K,17,
1867,,L,17,
1868,,M,17,
1869,,N,17,
1870,,O,17,
1871,,P,17,
1872,,A,19,
1873,,B,19,
1874,,C,19,
1875,,D,19,
1876,,E,19,
1877,,F,19,
1878,,G,19,
1879,,H,19,
1880,,I,19,
1881,,J,19,
1882,,K,19,
1883,,L,19,
1884,,M,19,
1885,,N,19,
1886,,O,19,
1887,,P,19,
1888,,A,21,
1889,,B,21,
1890,,C,21,
1891,,D,21,
1892,,E,21,
1893,,F,21,
1894,,G,21,
1895,,H,21,
1896,,I,21,
1897,,J,21,
1898,,K,21,
1899,,L,21,
1900,,M,21,
1901,,N,21,
1902,,O,21,
1903,,P,21,
1904,,A,23,
1905,,B,23,
1906,,C,23,
1907,,D,23,
1908,,E,23,
1909,,F,23,
1910,,G,23,
1911,,H,23,
1912,,I,23,
1913,,J,23,
1914,,K,23,
1915,,L,23,
1916,,M,23,
1917,,N,23,
1918,,O,23,
1919,,P,23,
1920,,A,1,
1921,,B,1,
1922,,C,1,
1923,,D,1,
1924,,E,1,
1925,,F,1,
1926,,G,1,
1927,,H,1,
1928,,I,1,
1929,,J,1,
1930,,K,1,
1931,,L,1,
1932,,M,1,
1933,,N,1,
1934,,O,1,
1935,,P,1,
1936,,A,3,
1937,,B,3,
1938,,C,3,
1939,,D,3,
1940,,E,3,
1941,,F,3,
1942,,G,3,
1943,,H,3,
1944,,I,3,
1945,,J,3,
1946,,K,3,
1947,,L,3,
1948,,M,3,
1949,,N,3,
1950,,O,3,
1951,,P,3,
1952,,A,5,
1953,,B,5,
1954,,C,5,
1955,,D,5,
1956,,E,5,
1957,,F,5,
1958,,G,5,
1959,,H,5,
1960,,I,5,
1961,,J,5,
1962,,K,5,
1963,,L,5,
1964,,M,5,
1965,,N,5,
1966,,O,5,
1967,,P,5,
1968,,A,7,
1969,,B,7,
1970,,C,7,
1971,,D,7,
1972,,E,7,
1973,,F,7,
1974,,G,7,
1975,,H,7,
1976,,I,7,
1977,,J,7,
1978,,K,7,
1979,,L,7,
1980,,M,7,
1981,,N,7,
1982,,O,7,
1983,,P,7,
1984,,A,9,
1985,,B,9,
1986,,C,9,
1987,,D,9,
1988,,E,9,
1989,,F,9,
1990,,G,9,
1991,,H,9,
1992,,I,9,
1993,,J,9,
1994,,K,9,
1995,,L,9,
1996,,M,9,
1997,,N,9,
1998,,O,9,
1999,,P,9,
2000,,A,11,
2001,,B,11,
2002,,C,11,
2003,,D,11,
2004,,E,11,
2005,,F,11,
2006,,G,11,
2007,,H,11,
2008,,I,11,
2009,,J,11,
2010,,K,11,
2011,,L,11,
2012,,M,11,
2013,,N,11,
2014,,O,11,
2015,,P,11,
2016,,A,13,
2017,,B,13,
2018,,C,13,
2019,,D,13,
2020,,E,13,
2021,,F,13,
2022,,G,13,
2023,,H,13,
2024,,I,13,
2025,,J,13,
2026,,K,13,
2027,,L,13,
2028,,M,13,
2029,,N,13,
2030,,O,13,
2031,,P,13,
2032,,A,15,
2033,,B,15,
2034,,C,15,
2035,,D,15,
2036,,E,15,
2037,,F,15,
2038,,G,15,
2039,,H,15,
2040,,I,15,
2041,,J,15,
2042,,K,15,
2043,,L,15,
2044,,M,15,
2045,,N,15,
2046,,O,15,
2047,,P,15,
2048,,A,17,
2049,,B,17,
2050,,C,17,
2051,,D,17,
2052,,E,17,
2053,,F,17,
2054,,G,17,
2055,,H,17,
2056,,I,17,
2057,,J,17,
2058,,K,17,
2059,,L,17,
2060,,M,17,
2061,,N,17,
2062,,O,17,
2063,,P,17,
2064,,A,19,
2065,,B,19,
2066,,C,19,
2067,,D,19,
2068,,E,19,
2069,,F,19,
2070,,G,19,
2071,,H,19,
2072,,I,19,
2073,,J,19,
2074,,K,19,
2075,,L,19,
2076,,M,19,
2077,,N,19,
2078,,O,19,
2079,,P,19,
2080,,A,21,
2081,,B,21,
2082,,C,21,
2083,,D,21,
2084,,E,21,
2085,,F,21,
2086,,G,21,
2087,,H,21,
2088,,I,21,
2089,,J,21,
2090,,K,21,
2091,,L,21,
2092,,M,21,
2093,,N,21,
2094,,O,21,
2095,,P,21,
2096,,A,23,
2097,,B,23,
2098,,C,23,
2099,,D,23,
2100,,E,23,
2101,,F,23,
2102,,G,23,
2103,,H,23,
2104,,I,23,
2105,,J,23,
2106,,K,23,
2107,,L,23,
2108,,M,23,
2109,,N,23,
2110,,O,23,
2111,,P,23,
2112,,A,1,
2113,,B,1,
2114,,C,1,
2115,,D,1,
2116,,E,1,
2117,,F,1,
2118,,G,1,
2119,,H,1,
2120,,I,1,
2121,,J,1,
2122,,K,1,
2123,,L,1,
2124,,M,1,
2125,,N,1,
2126,,O,1,
2127,,P,1,
2128,,A,3,
2129,,B,3,
2130,,C,3,
2131,,D,3,
2132,,E,3,
2133,,F,3,
2134,,G,3,
2135,,H,3,
2136,,I,3,
2137,,J,3,
2138,,K,3,
2139,,L,3,
2140,,M,3,
2141,,N,3,
2142,,O,3,
2143,,P,3,
2144,,A,5,
2145,,B,5,
2146,,C,5,
2147,,D,5,
2148,,E,5,
2149,,F,5,
2150,,G,5,
2151,,H,5,
2152,,I,5,
2153,,J,5,
2154,,K,5,
2155,,L,5,
2156,,M,5,
2157,,N,5,
2158,,O,5,
2159,,P,5,
2160,,A,7,
2161,,B,7,
2162,,C,7,
2163,,D,7,
2164,,E,7,
2165,,F,7,
2166,,G,7,
2167,,H,7,
2168,,I,7,
2169,,J,7,
2170,,K,7,
2171,,L,7,
2172,,M,7,
2173,,N,7,
2174,,O,7,
2175,,P,7,
2176,,A,9,
2177,,B,9,
2178,,C,9,
2179,,D,9,
2180,,E,9,
2181,,F,9,
2182,,G,9,
2183,,H,9,
2184,,I,9,
2185,,J,9,
2186,,K,9,
2187,,L,9,
2188,,M,9,
2189,,N,9,
2190,,O,9,
2191,,P,9,
2192,,A,11,
2193,,B,11,
2194,,C,11,
2195,,D,11,
2196,,E,11,
2197,,F,11,
2198,,G,11,
2199,,H,11,
2200,,I,11,
2201,,J,11,
2202,,K,11,
2203,,L,11,
2204,,M,11,
2205,,N,11,
2206,,O,11,
2207,,P,11,
2208,,A,13,
2209,,B,13,
2210,,C,13,
2211,,D,13,
2212,,E,13,
2213,,F,13,
2214,,G,13,
2215,,H,13,
2216,,I,13,
2217,,J,13,
2218,,K,13,
2219,,L,13,
2220,,M,13,
2221,,N,13,
2222,,O,13,
2223,,P,13,
2224,,A,15,
2225,,B,15,
2226,,C,15,
2227,,D,15,
2228,,E,15,
2229,,F,15,
2230,,G,15,
2231,,H,15,
2232,,I,15,
2233,,J,15,
2234,,K,15,
2235,,L,15,
2236,,M,15,
2237,,N,15,
2238,,O,15,
2239,,P,15,
2240,,A,17,
2241,,B,17,
2242,,C,17,
2243,,D,17,
2244,,E,17,
2245,,F,17,
2246,,G,17,
2247,,H,17,
2248,,I,17,
2249,,J,17,
2250,,K,17,
2251,,L,17,
2252,,M,17,
2253,,N,17,
2254,,O,17,
2255,,P,17,
2256,,A,19,
2257,,B,19,
2258,,C,19,
2259,,D,19,
2260,,E,19,
2261,,F,19,
2262,,G,19,
2263,,H,19,
2264,,I,19,
2265,,J,19,
2266,,K,19,
2267,,L,19,
2268,,M,19,
2269,,N,19,
2270,,O,19,
2271,,P,19,
2272,,A,21,
2273,,B,21,
2274,,C,21,
2275,,D,21,
2276,,E,21,
2277,,F,21,
2278,,G,21,
2279,,H,21,
2280,,I,21,
2281,,J,21,
2282,,K,21,
2283,,L,21,
2284,,M,21,
2285,,N,21,
2286,,O,21,
2287,,P,21,
2288,,A,23,
2289,,B,23,
2290,,C,23,
2291,,D,23,
2292,,E,23,
2293,,F,23,
2294,,G,23,
2295,,H,23,
2296,,I,23,
2297,,J,23,
2298,,K,23,
2299,,L,23,
2300,,M,23,
2301,,N,23,
2302,,O,23,
2303,,P,23,
2304,,A,1,
2305,,B,1,
2306,,C,1,
2307,,D,1,
2308,,E,1,
2309,,F,1,
2310,,G,1,
2311,,H,1,
2312,,I,1,
2313,,J,1,
2314,,K,1,
2315,,L,1,
2316,,M,1,
2317,,N,1,
2318,,O,1,
2319,,P,1,
2320,,A,3,
2321,,B,3,
2322,,C,3,
2323,,D,3,
2324,,E,3,
2325,,F,3,
2326,,G,3,
2327,,H,3,
2328,,I,3,
2329,,J,3,
2330,,K,3,
2331,,L,3,
2332,,M,3,
2333,,N,3,
2334,,O,3,
2335,,P,3,
2336,,A,5,
2337,,B,5,
2338,,C,5,
2339,,D,5,
2340,,E,5,
2341,,F,5,
2342,,G,5,
2343,,H,5,
2344,,I,5,
2345,,J,5,
2346,,K,5,
2347,,L,5,
2348,,M,5,
2349,,N,5,
2350,,O,5,
2351,,P,5,
2352,,A,7,
2353,,B,7,
2354,,C,7,
2355,,D,7,
2356,,E,7,
2357,,F,7,
2358,,G,7,
2359,,H,7,
2360,,I,7,
2361,,J,7,
2362,,K,7,
2363,,L,7,
2364,,M,7,
2365,,N,7,
2366,,O,7,
2367,,P,7,
2368,,A,9,
2369,,B,9,
2370,,C,9,
2371,,D,9,
2372,,E,9,
2373,,F,9,
2374,,G,9,
2375,,H,9,
2376,,I,9,
2377,,J,9,
2378,,K,9,
2379,,L,9,
2380,,M,9,
2381,,N,9,
2382,,O,9,
2383,,P,9,
2384,,A,11,
2385,,B,11,
2386,,C,11,
2387,,D,11,
2388,,E,11,
2389,,F,11,
2390,,G,11,
2391,,H,11,
2392,,I,11,
2393,,J,11,
2394,,K,11,
2395,,L,11,
2396,,M,11,
2397,,N,11,
2398,,O,11,
2399,,P,11,
2400,,A,13,
2401,,B,13,
2402,,C,13,
2403,,D,13,
2404,,E,13,
2405,,F,13,
2406,,G,13,
2407,,H,13,
2408,,I,13,
2409,,J,13,
2410,,K,13,
2411,,L,13,
2412,,M,13,
2413,,N,13,
2414,,O,13,
2415,,P,13,
2416,,A,15,
2417,,B,15,
2418,,C,15,
2419,,D,15,
2420,,E,15,
2421,,F,15,
2422,,G,15,
2423,,H,15,
2424,,I,15,
2425,,J,15,
2426,,K,15,
2427,,L,15,
2428,,M,15,
2429,,N,15,
2430,,O,15,
2431,,P,15,
2432,,A,17,
2433,,B,17,
2434,,C,17,
2435,,D,17,
2436,,E,17,
2437,,F,17,
2438,,G,17,
2439,,H,17,
2440,,I,17,
2441,,J,17,
2442,,K,17,
2443,,L,17,
2444,,M,17,
2445,,N,17,
2446,,O,17,
2447,,P,17,
2448,,A,19,
2449,,B,19,
2450,,C,19,
2451,,D,19,
2452,,E,19,
2453,,F,19,
2454,,G,19,
2455,,H,19,
2456,,I,19,
2457,,J,19,
2458,,K,19,
2459,,L,19,
2460,,M,19,
2461,,N,19,
2462,,O,19,
2463,,P,19,
2464,,A,21,
2465,,B,21,
2466,,C,21,
2467,,D,21,
2468,,E,21,
2469,,F,21,
2470,,G,21,
2471,,H,21,
2472,,I,21,
2473,,J,21,
2474,,K,21,
2475,,L,21,
2476,,M,21,
2477,,N,21,
2478,,O,21,
2479,,P,21,
2480,,A,23,
2481,,B,23,
2482,,C,23,
2483,,D,23,
2484,,E,23,
2485,,F,23,
2486,,G,23,
2487,,H,23,
2488,,I,23,
2489,,J,23,
2490,,K,23,
2491,,L,23,
2492,,M,23,
2493,,N,23,
2494,,O,23,
2495,,P,23,
2496,,A,1,
2497,,B,1,
2498,,C,1,
2499,,D,1,
2500,,E,1,
2501,,F,1,
2502,,G,1,
2503,,H,1,
2504,,I,1,
2505,,J,1,
2506,,K,1,
2507,,L,1,
2508,,M,1,
2509,,N,1,
2510,,O,1,
2511,,P,1,
2512,,A,3,
2513,,B,3,
2514,,C,3,
2515,,D,3,
2516,,E,3,
2517,,F,3,
2518,,G,3,
2519,,H,3,
2520,,I,3,
2521,,J,3,
2522,,K,3,
2523,,L,3,
2524,,M,3,
2525,,N,3,
2526,,O,3,
2527,,P,3,
2528,,A,5,
2529,,B,5,
2530,,C,5,
2531,,D,5,
2532,,E,5,
2533,,F,5,
2534,,G,5,
2535,,H,5,
2536,,I,5,
2537,,J,5,
2538,,K,5,
2539,,L,5,
2540,,M,5,
2541,,N,5,
2542,,O,5,
2543,,P,5,
2544,,A,7,
2545,,B,7,
2546,,C,7,
2547,,D,7,
2548,,E,7,
2549,,F,7,
2550,,G,7,
2551,,H,7,
2552,,I,7,
2553,,J,7,
2554,,K,7,
2555,,L,7,
2556,,M,7,
2557,,N,7,
2558,,O,7,
2559,,P,7,
2560,,A,9,
2561,,B,9,
2562,,C,9,
2563,,D,9,
2564,,E,9,
2565,,F,9,
2566,,G,9,
2567,,H,9,
2568,,I,9,
2569,,J,9,
2570,,K,9,
2571,,L,9,
2572,,M,9,
2573,,N,9,
2574,,O,9,
2575,,P,9,
2576,,A,11,
2577,,B,11,
2578,,C,11,
2579,,D,11,
2580,,E,11,
2581,,F,11,
2582,,G,11,
2583,,H,11,
2584,,I,11,
2585,,J,11,
2586,,K,11,
2587,,L,11,
2588,,M,11,
2589,,N,11,
2590,,O,11,
2591,,P,11,
2592,,A,13,
2593,,B,13,
2594,,C,13,
2595,,D,13,
2596,,E,13,
2597,,F,13,
2598,,G,13,
2599,,H,13,
2600,,I,13,
2601,,J,13,
2602,,K,13,
2603,,L,13,
2604,,M,13,
2605,,N,13,
2606,,O,13,
2607,,P,13,
2608,,A,15,
2609,,B,15,
2610,,C,15,
2611,,D,15,
2612,,E,15,
2613,,F,15,
2614,,G,15,
2615,,H,15,
2616,,I,15,
2617,,J,15,
2618,,K,15,
2619,,L,15,
2620,,M,15,
2621,,N,15,
2622,,O,15,
2623,,P,15,
2624,,A,17,
2625,,B,17,
2626,,C,17,
2627,,D,17,
2628,,E,17,
2629,,F,17,
2630,,G,17,
2631,,H,17,
2632,,I,17,
2633,,J,17,
2634,,K,17,
2635,,L,17,
2636,,M,17,
2637,,N,17,
2638,,O,17,
2639,,P,17,
2640,,A,19,
2641,,B,19,
2642,,C,19,
2643,,D,19,
2644,,E,19,
2645,,F,19,
2646,,G,19,
2647,,H,19,
2648,,I,19,
2649,,J,19,
2650,,K,19,
2651,,L,19,
2652,,M,19,
2653,,N,19,
2654,,O,19,
2655,,P,19,
2656,,A,21,
2657,,B,21,
2658,,C,21,
2659,,D,21,
2660,,E,21,
2661,,F,21,
2662,,G,21,
2663,,H,21,
2664,,I,21,
2665,,J,21,
2666,,K,21,
2667,,L,21,
2668,,M,21,
2669,,N,21,
2670,,O,21,
2671,,P,21,
2672,,A,23,
2673,,B,23,
2674,,C,23,
2675,,D,23,
2676,,E,23,
2677,,F,23,
2678,,G,23,
2679,,H,23,
2680,,I,23,
2681,,J,23,
2682,,K,23,
2683,,L,23,
2684,,M,23,
2685,,N,23,
2686,,O,23,
2687,,P,23,
2688,,A,1,
2689,,B,1,
2690,,C,1,
2691,,D,1,
2692,,E,1,
2693,,F,1,
2694,,G,1,
2695,,H,1,
2696,,I,1,
2697,,J,1,
2698,,K,1,
2699,,L,1,
2700,,M,1,
2701,,N,1,
2702,,O,1,
2703,,P,1,
2704,,A,3,
2705,,B,3,
2706,,C,3,
2707,,D,3,
2708,,E,3,
2709,,F,3,
2710,,G,3,
2711,,H,3,
2712,,I,3,
2713,,J,3,
2714,,K,3,
2715,,L,3,
2716,,M,3,
2717,,N,3,
2718,,O,3,
2719,,P,3,
2720,,A,5,
2721,,B,5,
2722,,C,5,
2723,,D,5,
2724,,E,5,
2725,,F,5,
2726,,G,5,
2727,,H,5,
2728,,I,5,
2729,,J,5,
2730,,K,5,
2731,,L,5,
2732,,M,5,
2733,,N,5,
2734,,O,5,
2735,,P,5,
2736,,A,7,
2737,,B,7,
2738,,C,7,
2739,,D,7,
2740,,E,7,
2741,,F,7,
2742,,G,7,
2743,,H,7,
2744,,I,7,
2745,,J,7,
2746,,K,7,
2747,,L,7,
2748,,M,7,
2749,,N,7,
2750,,O,7,
2751,,P,7,
2752,,A,9,
2753,,B,9,
2754,,C,9,
2755,,D,9,
2756,,E,9,
2757,,F,9,
2758,,G,9,
2759,,H,9,
2760,,I,9,
2761,,J,9,
2762,,K,9,
2763,,L,9,
2764,,M,9,
2765,,N,9,
2766,,O,9,
2767,,P,9,
2768,,A,11,
2769,,B,11,
2770,,C,11,
2771,,D,11,
2772,,E,11,
2773,,F,11,
2774,,G,11,
2775,,H,11,
2776,,I,11,
2777,,J,11,
2778,,K,11,
2779,,L,11,
2780,,M,11,
2781,,N,11,
2782,,O,11,
2783,,P,11,
2784,,A,13,
2785,,B,13,
2786,,C,13,
2787,,D,13,
2788,,E,13,
2789,,F,13,
2790,,G,13,
2791,,H,13,
2792,,I,13,
2793,,J,13,
2794,,K,13,
2795,,L,13,
2796,,M,13,
2797,,N,13,
2798,,O,13,
2799,,P,13,
2800,,A,15,
2801,,B,15,
2802,,C,15,
2803,,D,15,
2804,,E,15,
2805,,F,15,
2806,,G,15,
2807,,H,15,
2808,,I,15,
2809,,J,15,
2810,,K,15,
2811,,L,15,
2812,,M,15,
2813,,N,15,
2814,,O,15,
2815,,P,15,
2816,,A,17,
2817,,B,17,
2818,,C,17,
2819,,D,17,
2820,,E,17,
2821,,F,17,
2822,,G,17,
2823,,H,17,
2824,,I,17,
2825,,J,17,
2826,,K,17,
2827,,L,17,
2828,,M,17,
2829,,N,17,
2830,,O,17,
2831,,P,17,
2832,,A,19,
2833,,B,19,
2834,,C,19,
2835,,D,19,
2836,,E,19,
2837,,F,19,
2838,,G,19,
2839,,H,19,
2840,,I,19,
2841,,J,19,
2842,,K,19,
2843,,L,19,
2844,,M,19,
2845,,N,19,
2846,,O,19,
2847,,P,19,
2848,,A,21,
2849,,B,21,
2850,,C,21,
2851,,D,21,
2852,,E,21,
2853,,F,21,
2854,,G,21,
2855,,H,21,
2856,,I,21,
2857,,J,21,
2858,,K,21,
2859,,L,21,
2860,,M,21,
2861,,N,21,
2862,,O,21,
2863,,P,21,
2864,,A,23,
2865,,B,23,
2866,,C,23,
2867,,D,23,
2868,,E,23,
2869,,F,23,
2870,,G,23,
2871,,H,23,
2872,,I,23,
2873,,J,23,
2874,,K,23,
2875,,L,23,
2876,,M,23,
2877,,N,23,
2878,,O,23,
2879,,P,23,
2880,,A,1,
2881,,B,1,
2882,,C,1,
2883,,D,1,
2884,,E,1,
2885,,F,1,
2886,,G,1,
2887,,H,1,
2888,,I,1,
2889,,J,1,
2890,,K,1,
2891,,L,1,
2892,,M,1,
2893,,N,1,
2894,,O,1,
2895,,P,1,
2896,,A,3,
2897,,B,3,
2898,,C,3,
2899,,D,3,
2900,,E,3,
2901,,F,3,
2902,,G,3,
2903,,H,3,
2904,,I,3,
2905,,J,3,
2906,,K,3,
2907,,L,3,
2908,,M,3,
2909,,N,3,
2910,,O,3,
2911,,P,3,
2912,,A,5,
2913,,B,5,
2914,,C,5,
2915,,D,5,
2916,,E,5,
2917,,F,5,
2918,,G,5,
2919,,H,5,
2920,,I,5,
2921,,J,5,
2922,,K,5,
2923,,L,5,
2924,,M,5,
2925,,N,5,
2926,,O,5,
2927,,P,5,
2928,,A,7,
2929,,B,7,
2930,,C,7,
2931,,D,7,
2932,,E,7,
2933,,F,7,
2934,,G,7,
2935,,H,7,
2936,,I,7,
2937,,J,7,
2938,,K,7,
2939,,L,7,
2940,,M,7,
2941,,N,7,
2942,,O,7,
2943,,P,7,
2944,,A,9,
2945,,B,9,
2946,,C,9,
2947,,D,9,
2948,,E,9,
2949,,F,9,
2950,,G,9,
2951,,H,9,
2952,,I,9,
2953,,J,9,
2954,,K,9,
2955,,L,9,
2956,,M,9,
2957,,N,9,
2958,,O,9,
2959,,P,9,
2960,,A,11,
2961,,B,11,
2962,,C,11,
2963,,D,11,
2964,,E,11,
2965,,F,11,
2966,,G,11,
2967,,H,11,
2968,,I,11,
2969,,J,11,
2970,,K,11,
2971,,L,11,
2972,,M,11,
2973,,N,11,
2974,,O,11,
2975,,P,11,
2976,,A,13,
2977,,B,13,
2978,,C,13,
2979,,D,13,
2980,,E,13,
2981,,F,13,
2982,,G,13,
2983,,H,13,
2984,,I,13,
2985,,J,13,
2986,,K,13,
2987,,L,13,
2988,,M,13,
2989,,N,13,
2990,,O,13,
2991,,P,13,
2992,,A,15,
2993,,B,15,
2994,,C,15,
2995,,D,15,
2996,,E,15,
2997,,F,15,
2998,,G,15,
2999,,H,15,
3000,,I,15,
3001,,J,15,
3002,,K,15,
3003,,L,15,
3004,,M,15,
3005,,N,15,
3006,,O,15,
3007,,P,15,
3008,,A,17,
3009,,B,17,
3010,,C,17,
3011,,D,17,
3012,,E,17,
3013,,F,17,
3014,,G,17,
3015,,H,17,
3016,,I,17,
3017,,J,17,
3018,,K,17,
3019,,L,17,
3020,,M,17,
3021,,N,17,
3022,,O,17,
3023,,P,17,
3024,,A,19,
3025,,B,19,
3026,,C,19,
3027,,D,19,
3028,,E,19,
3029,,F,19,
3030,,G,19,
3031,,H,19,
3032,,I,19,
3033,,J,19,
3034,,K,19,
3035,,L,19,
3036,,M,19,
3037,,N,19,
3038,,O,19,
3039,,P,19,
3040,,A,21,
3041,,B,21,
3042,,C,21,
3043,,D,21,
3044,,E,21,
3045,,F,21,
3046,,G,21,
3047,,H,21,
3048,,I,21,
3049,,J,21,
3050,,K,21,
3051,,L,21,
3052,,M,21,
3053,,N,21,
3054,,O,21,
3055,,P,21,
3056,,A,23,
3057,,B,23,
3058,,C,23,
3059,,D,23,
3060,,E,23,
3061,,F,23,
3062,,G,23,
3063,,H,23,
3064,,I,23,
3065,,J,23,
3066,,K,23,
3067,,L,23,
3068,,M,23,
3069,,N,23,
3070,,O,23,
3071,,P,23,
3072,,A,1,
3073,,B,1,
3074,,C,1,
3075,,D,1,
3076,,E,1,
3077,,F,1,
3078,,G,1,
3079,,H,1,
3080,,I,1,
3081,,J,1,
3082,,K,1,
3083,,L,1,
3084,,M,1,
3085,,N,1,
3086,,O,1,
3087,,P,1,
3088,,A,3,
3089,,B,3,
3090,,C,3,
3091,,D,3,
3092,,E,3,
3093,,F,3,
3094,,G,3,
3095,,H,3,
3096,,I,3,
3097,,J,3,
3098,,K,3,
3099,,L,3,
3100,,M,3,
3101,,N,3,
3102,,O,3,
3103,,P,3,
3104,,A,5,
3105,,B,5,
3106,,C,5,
3107,,D,5,
3108,,E,5,
3109,,F,5,
3110,,G,5,
3111,,H,5,
3112,,I,5,
3113,,J,5,
3114,,K,5,
3115,,L,5,
3116,,M,5,
3117,,N,5,
3118,,O,5,
3119,,P,5,
3120,,A,7,
3121,,B,7,
3122,,C,7,
3123,,D,7,
3124,,E,7,
3125,,F,7,
3126,,G,7,
3127,,H,7,
3128,,I,7,
3129,,J,7,
3130,,K,7,
3131,,L,7,
3132,,M,7,
3133,,N,7,
3134,,O,7,
3135,,P,7,
3136,,A,9,
3137,,B,9,
3138,,C,9,
3139,,D,9,
3140,,E,9,
3141,,F,9,
3142,,G,9,
3143,,H,9,
3144,,I,9,
3145,,J,9,
3146,,K,9,
3147,,L,9,
3148,,M,9,
3149,,N,9,
3150,,O,9,
3151,,P,9,
3152,,A,11,
3153,,B,11,
3154,,C,11,
3155,,D,11,
3156,,E,11,
3157,,F,11,
3158,,G,11,
3159,,H,11,
3160,,I,11,
3161,,J,11,
3162,,K,11,
3163,,L,11,
3164,,M,11,
3165,,N,11,
3166,,O,11,
3167,,P,11,
3168,,A,13,
3169,,B,13,
3170,,C,13,
3171,,D,13,
3172,,E,13,
3173,,F,13,
3174,,G,13,
3175,,H,13,
3176,,I,13,
3177,,J,13,
3178,,K,13,
3179,,L,13,
3180,,M,13,
3181,,N,13,
3182,,O,13,
3183,,P,13,
3184,,A,15,
3185,,B,15,
3186,,C,15,
3187,,D,15,
3188,,E,15,
3189,,F,15,
3190,,G,15,
3191,,H,15,
3192,,I,15,
3193,,J,15,
3194,,K,15,
3195,,L,15,
3196,,M,15,
3197,,N,15,
3198,,O,15,
3199,,P,15,
3200,,A,17,
3201,,B,17,
3202,,C,17,
3203,,D,17,
3204,,E,17,
3205,,F,17,
3206,,G,17,
3207,,H,17,
3208,,I,17,
3209,,J,17,
3210,,K,17,
3211,,L,17,
3212,,M,17,
3213,,N,17,
3214,,O,17,
3215,,P,17,
3216,,A,19,
3217,,B,19,
3218,,C,19,
3219,,D,19,
3220,,E,19,
3221,,F,19,
3222,,G,19,
3223,,H,19,
3224,,I,19,
3225,,J,19,
3226,,K,19,
3227,,L,19,
3228,,M,19,
3229,,N,19,
3230,,O,19,
3231,,P,19,
3232,,A,21,
3233,,B,21,
3234,,C,21,
3235,,D,21,
3236,,E,21,
3237,,F,21,
3238,,G,21,
3239,,H,21,
3240,,I,21,
3241,,J,21,
3242,,K,21,
3243,,L,21,
3244,,M,21,
3245,,N,21,
3246,,O,21,
3247,,P,21,
3248,,A,23,
3249,,B,23,
3250,,C,23,
3251,,D,23,
3252,,E,23,
3253,,F,23,
3254,,G,23,
3255,,H,23,
3256,,I,23,
3257,,J,23,
3258,,K,23,
3259,,L,23,
3260,,M,23,
3261,,N,23,
3262,,O,23,
3263,,P,23,
3264,,A,1,
3265,,B,1,
3266,,C,1,
3267,,D,1,
3268,,E,1,
3269,,F,1,
3270,,G,1,
3271,,H,1,
3272,,I,1,
3273,,J,1,
3274,,K,1,
3275,,L,1,
3276,,M,1,
3277,,N,1,
3278,,O,1,
3279,,P,1,
3280,,A,3,
3281,,B,3,
3282,,C,3,
3283,,D,3,
3284,,E,3,
3285,,F,3,
3286,,G,3,
3287,,H,3,
3288,,I,3,
3289,,J,3,
3290,,K,3,
3291,,L,3,
3292,,M,3,
3293,,N,3,
3294,,O,3,
3295,,P,3,
3296,,A,5,
3297,,B,5,
3298,,C,5,
3299,,D,5,
3300,,E,5,
3301,,F,5,
3302,,G,5,
3303,,H,5,
3304,,I,5,
3305,,J,5,
3306,,K,5,
3307,,L,5,
3308,,M,5,
3309,,N,5,
3310,,O,5,
3311,,P,5,
3312,,A,7,
3313,,B,7,
3314,,C,7,
3315,,D,7,
3316,,E,7,
3317,,F,7,
3318,,G,7,
3319,,H,7,
3320,,I,7,
3321,,J,7,
3322,,K,7,
3323,,L,7,
3324,,M,7,
3325,,N,7,
3326,,O,7,
3327,,P,7,
3328,,A,9,
3329,,B,9,
3330,,C,9,
3331,,D,9,
3332,,E,9,
3333,,F,9,
3334,,G,9,
3335,,H,9,
3336,,I,9,
3337,,J,9,
3338,,K,9,
3339,,L,9,
3340,,M,9,
3341,,N,9,
3342,,O,9,
3343,,P,9,
3344,,A,11,
3345,,B,11,
3346,,C,11,
3347,,D,11,
3348,,E,11,
3349,,F,11,
3350,,G,11,
3351,,H,11,
3352,,I,11,
3353,,J,11,
3354,,K,11,
3355,,L,11,
3356,,M,11,
3357,,N,11,
3358,,O,11,
3359,,P,11,
3360,,A,13,
3361,,B,13,
3362,,C,13,
3363,,D,13,
3364,,E,13,
3365,,F,13,
3366,,G,13,
3367,,H,13,
3368,,I,13,
3369,,J,13,
3370,,K,13,
3371,,L,13,
3372,,M,13,
3373,,N,13,
3374,,O,13,
3375,,P,13,
3376,,A,15,
3377,,B,15,
3378,,C,15,
3379,,D,15,
3380,,E,15,
3381,,F,15,
3382,,G,15,
3383,,H,15,
3384,,I,15,
3385,,J,15,
3386,,K,15,
3387,,L,15,
3388,,M,15,
3389,,N,15,
3390,,O,15,
3391,,P,15,
3392,,A,17,
3393,,B,17,
3394,,C,17,
3395,,D,17,
3396,,E,17,
3397,,F,17,
3398,,G,17,
3399,,H,17,
3400,,I,17,
3401,,J,17,
3402,,K,17,
3403,,L,17,
3404,,M,17,
3405,,N,17,
3406,,O,17,
3407,,P,17,
3408,,A,19,
3409,,B,19,
3410,,C,19,
3411,,D,19,
3412,,E,19,
3413,,F,19,
3414,,G,19,
3415,,H,19,
3416,,I,19,
3417,,J,19,
3418,,K,19,
3419,,L,19,
3420,,M,19,
3421,,N,19,
3422,,O,19,
3423,,P,19,
3424,,A,21,
3425,,B,21,
3426,,C,21,
3427,,D,21,
3428,,E,21,
3429,,F,21,
3430,,G,21,
3431,,H,21,
3432,,I,21,
3433,,J,21,
3434,,K,21,
3435,,L,21,
3436,,M,21,
3437,,N,21,
3438,,O,21,
3439,,P,21,
3440,,A,23,
3441,,B,23,
3442,,C,23,
3443,,D,23,
3444,,E,23,
3445,,F,23,
3446,,G,23,
3447,,H,23,
3448,,I,23,
3449,,J,23,
3450,,K,23,
3451,,L,23,
3452,,M,23,
3453,,N,23,
3454,,O,23,
3455,,P,23,
3456,,A,1,
3457,,B,1,
3458,,C,1,
3459,,D,1,
3460,,E,1,
3461,,F,1,
3462,,G,1,
3463,,H,1,
3464,,I,1,
3465,,J,1,
3466,,K,1,
3467,,L,1,
3468,,M,1,
3469,,N,1,
3470,,O,1,
3471,,P,1,
3472,,A,3,
3473,,B,3,
3474,,C,3,
3475,,D,3,
3476,,E,3,
3477,,F,3,
3478,,G,3,
3479,,H,3,
3480,,I,3,
3481,,J,3,
3482,,K,3,
3483,,L,3,
3484,,M,3,
3485,,N,3,
3486,,O,3,
3487,,P,3,
3488,,A,5,
3489,,B,5,
3490,,C,5,
3491,,D,5,
3492,,E,5,
3493,,F,5,
3494,,G,5,
3495,,H,5,
3496,,I,5,
3497,,J,5,
3498,,K,5,
3499,,L,5,
3500,,M,5,
3501,,N,5,
3502,,O,5,
3503,,P,5,
3504,,A,7,
3505,,B,7,
3506,,C,7,
3507,,D,7,
3508,,E,7,
3509,,F,7,
3510,,G,7,
3511,,H,7,
3512,,I,7,
3513,,J,7,
3514,,K,7,
3515,,L,7,
3516,,M,7,
3517,,N,7,
3518,,O,7,
3519,,P,7,
3520,,A,9,
3521,,B,9,
3522,,C,9,
3523,,D,9,
3524,,E,9,
3525,,F,9,
3526,,G,9,
3527,,H,9,
3528,,I,9,
3529,,J,9,
3530,,K,9,
3531,,L,9,
3532,,M,9,
3533,,N,9,
3534,,O,9,
3535,,P,9,
3536,,A,11,
3537,,B,11,
3538,,C,11,
3539,,D,11,
3540,,E,11,
3541,,F,11,
3542,,G,11,
3543,,H,11,
3544,,I,11,
3545,,J,11,
3546,,K,11,
3547,,L,11,
3548,,M,11,
3549,,N,11,
3550,,O,11,
3551,,P,11,
3552,,A,13,
3553,,B,13,
3554,,C,13,
3555,,D,13,
3556,,E,13,
3557,,F,13,
3558,,G,13,
3559,,H,13,
3560,,I,13,
3561,,J,13,
3562,,K,13,
3563,,L,13,
3564,,M,13,
3565,,N,13,
3566,,O,13,
3567,,P,13,
3568,,A,15,
3569,,B,15,
3570,,C,15,
3571,,D,15,
3572,,E,15,
3573,,F,15,
3574,,G,15,
3575,,H,15,
3576,,I,15,
3577,,J,15,
3578,,K,15,
3579,,L,15,
3580,,M,15,
3581,,N,15,
3582,,O,15,
3583,,P,15,
3584,,A,17,
3585,,B,17,
3586,,C,17,
3587,,D,17,
3588,,E,17,
3589,,F,17,
3590,,G,17,
3591,,H,17,
3592,,I,17,
3593,,J,17,
3594,,K,17,
3595,,L,17,
3596,,M,17,
3597,,N,17,
3598,,O,17,
3599,,P,17,
3600,,A,19,
3601,,B,19,
3602,,C,19,
3603,,D,19,
3604,,E,19,
3605,,F,19,
3606,,G,19,
3607,,H,19,
3608,,I,19,
3609,,J,19,
3610,,K,19,
3611,,L,19,
3612,,M,19,
3613,,N,19,
3614,,O,19,
3615,,P,19,
3616,,A,21,
3617,,B,21,
3618,,C,21,
3619,,D,21,
3620,,E,21,
3621,,F,21,
3622,,G,21,
3623,,H,21,
3624,,I,21,
3625,,J,21,
3626,,K,21,
3627,,L,21,
3628,,M,21,
3629,,N,21,
3630,,O,21,
3631,,P,21,
3632,,A,23,
3633,,B,23,
3634,,C,23,
3635,,D,23,
3636,,E,23,
3637,,F,23,
3638,,G,23,
3639,,H,23,
3640,,I,23,
3641,,J,23,
3642,,K,23,
3643,,L,23,
3644,,M,23,
3645,,N,23,
3646,,O,23,
3647,,P,23,
3648,,A,1,
3649,,B,1,
3650,,C,1,
3651,,D,1,
3652,,E,1,
3653,,F,1,
3654,,G,1,
3655,,H,1,
3656,,I,1,
3657,,J,1,
3658,,K,1,
3659,,L,1,
3660,,M,1,
3661,,N,1,
3662,,O,1,
3663,,P,1,
3664,,A,3,
3665,,B,3,
3666,,C,3,
3667,,D,3,
3668,,E,3,
3669,,F,3,
3670,,G,3,
3671,,H,3,
3672,,I,3,
3673,,J,3,
3674,,K,3,
3675,,L,3,
3676,,M,3,
3677,,N,3,
3678,,O,3,
3679,,P,3,
3680,,A,5,
3681,,B,5,
3682,,C,5,
3683,,D,5,
3684,,E,5,
3685,,F,5,
3686,,G,5,
3687,,H,5,
3688,,I,5,
3689,,J,5,
3690,,K,5,
3691,,L,5,
3692,,M,5,
3693,,N,5,
3694,,O,5,
3695,,P,5,
3696,,A,7,
3697,,B,7,
3698,,C,7,
3699,,D,7,
3700,,E,7,
3701,,F,7,
3702,,G,7,
3703,,H,7,
3704,,I,7,
3705,,J,7,
3706,,K,7,
3707,,L,7,
3708,,M,7,
3709,,N,7,
3710,,O,7,
3711,,P,7,
3712,,A,9,
3713,,B,9,
3714,,C,9,
3715,,D,9,
3716,,E,9,
3717,,F,9,
3718,,G,9,
3719,,H,9,
3720,,I,9,
3721,,J,9,
3722,,K,9,
3723,,L,9,
3724,,M,9,
3725,,N,9,
3726,,O,9,
3727,,P,9,
3728,,A,11,
3729,,B,11,
3730,,C,11,
3731,,D,11,
3732,,E,11,
3733,,F,11,
3734,,G,11,
3735,,H,11,
3736,,I,11,
3737,,J,11,
3738,,K,11,
3739,,L,11,
3740,,M,11,
3741,,N,11,
3742,,O,11,
3743,,P,11,
3744,,A,13,
3745,,B,13,
3746,,C,13,
3747,,D,13,
3748,,E,13,
3749,,F,13,
3750,,G,13,
3751,,H,13,
3752,,I,13,
3753,,J,13,
3754,,K,13,
3755,,L,13,
3756,,M,13,
3757,,N,13,
3758,,O,13,
3759,,P,13,
3760,,A,15,
3761,,B,15,
3762,,C,15,
3763,,D,15,
3764,,E,15,
3765,,F,15,
3766,,G,15,
3767,,H,15,
3768,,I,15,
3769,,J,15,
3770,,K,15,
3771,,L,15,
3772,,M,15,
3773,,N,15,
3774,,O,15,
3775,,P,15,
3776,,A,17,
3777,,B,17,
3778,,C,17,
3779,,D,17,
3780,,E,17,
3781,,F,17,
3782,,G,17,
3783,,H,17,
3784,,I,17,
3785,,J,17,
3786,,K,17,
3787,,L,17,
3788,,M,17,
3789,,N,17,
3790,,O,17,
3791,,P,17,
3792,,A,19,
3793,,B,19,
3794,,C,19,
3795,,D,19,
3796,,E,19,
3797,,F,19,
3798,,G,19,
3799,,H,19,
3800,,I,19,
3801,,J,19,
3802,,K,19,
3803,,L,19,
3804,,M,19,
3805,,N,19,
3806,,O,19,
3807,,P,19,
3808,,A,21,
3809,,B,21,
3810,,C,21,
3811,,D,21,
3812,,E,21,
3813,,F,21,
3814,,G,21,
3815,,H,21,
3816,,I,21,
3817,,J,21,
3818,,K,21,
3819,,L,21,
3820,,M,21,
3821,,N,21,
3822,,O,21,
3823,,P,21,
3824,,A,23,
3825,,B,23,
3826,,C,23,
3827,,D,23,
3828,,E,23,
3829,,F,23,
3830,,G,23,
3831,,H,23,
3832,,I,23,
3833,,J,23,
3834,,K,23,
3835,,L,23,
3836,,M,23,
3837,,N,23,
3838,,O,23,
3839,,P,23,
3840,,A,1,
3841,,B,1,
3842,,C,1,
3843,,D,1,
3844,,E,1,
3845,,F,1,
3846,,G,1,
3847,,H,1,
3848,,I,1,
3849,,J,1,
3850,,K,1,
3851,,L,1,
3852,,M,1,
3853,,N,1,
3854,,O,1,
3855,,P,1,
3856,,A,3,
3857,,B,3,
3858,,C,3,
3859,,D,3,
3860,,E,3,
3861,,F,3,
3862,,G,3,
3863,,H,3,
3864,,I,3,
3865,,J,3,
3866,,K,3,
3867,,L,3,
3868,,M,3,
3869,,N,3,
3870,,O,3,
3871,,P,3,
3872,,A,5,
3873,,B,5,
3874,,C,5,
3875,,D,5,
3876,,E,5,
3877,,F,5,
3878,,G,5,
3879,,H,5,
3880,,I,5,
3881,,J,5,
3882,,K,5,
3883,,L,5,
3884,,M,5,
3885,,N,5,
3886,,O,5,
3887,,P,5,
3888,,A,7,
3889,,B,7,
3890,,C,7,
3891,,D,7,
3892,,E,7,
3893,,F,7,
3894,,G,7,
3895,,H,7,
3896,,I,7,
3897,,J,7,
3898,,K,7,
3899,,L,7,
3900,,M,7,
3901,,N,7,
3902,,O,7,
3903,,P,7,
3904,,A,9,
3905,,B,9,
3906,,C,9,
3907,,D,9,
3908,,E,9,
3909,,F,9,
3910,,G,9,
3911,,H,9,
3912,,I,9,
3913,,J,9,
3914,,K,9,
3915,,L,9,
3916,,M,9,
3917,,N,9,
3918,,O,9,
3919,,P,9,
3920,,A,11,
3921,,B,11,
3922,,C,11,
3923,,D,11,
3924,,E,11,
3925,,F,11,
3926,,G,11,
3927,,H,11,
3928,,I,11,
3929,,J,11,
3930,,K,11,
3931,,L,11,
3932,,M,11,
3933,,N,11,
3934,,O,11,
3935,,P,11,
3936,,A,13,
3937,,B,13,
3938,,C,13,
3939,,D,13,
3940,,E,13,
3941,,F,13,
3942,,G,13,
3943,,H,13,
3944,,I,13,
3945,,J,13,
3946,,K,13,
3947,,L,13,
3948,,M,13,
3949,,N,13,
3950,,O,13,
3951,,P,13,
3952,,A,15,
3953,,B,15,
3954,,C,15,
3955,,D,15,
3956,,E,15,
3957,,F,15,
3958,,G,15,
3959,,H,15,
3960,,I,15,
3961,,J,15,
3962,,K,15,
3963,,L,15,
3964,,M,15,
3965,,N,15,
3966,,O,15,
3967,,P,15,
3968,,A,17,
3969,,B,17,
3970,,C,17,
3971,,D,17,
3972,,E,17,
3973,,F,17,
3974,,G,17,
3975,,H,17,
3976,,I,17,
3977,,J,17,
3978,,K,17,
3979,,L,17,
3980,,M,17,
3981,,N,17,
3982,,O,17,
3983,,P,17,
3984,,A,19,
3985,,B,19,
3986,,C,19,
3987,,D,19,
3988,,E,19,
3989,,F,19,
3990,,G,19,
3991,,H,19,
3992,,I,19,
3993,,J,19,
3994,,K,19,
3995,,L,19,
3996,,M,19,
3997,,N,19,
3998,,O,19,
3999,,P,19,
4000,,A,21,
4001,,B,21,
4002,,C,21,
4003,,D,21,
4004,,E,21,
4005,,F,21,
4006,,G,21,
4007,,H,21,
4008,,I,21,
4009,,J,21,
4010,,K,21,
4011,,L,21,
4012,,M,21,
4013,,N,21,
4014,,O,21,
4015,,P,21,
4016,,A,23,
4017,,B,23,
4018,,C,23,
4019,,D,23,
4020,,E,23,
4021,,F,23,
4022,,G,23,
4023,,H,23,
4024,,I,23,
4025,,J,23,
4026,,K,23,
4027,,L,23,
4028,,M,23,
4029,,N,23,
4030,,O,23,
4031,,P,23,
4032,,A,1,
4033,,B,1,
4034,,C,1,
4035,,D,1,
4036,,E,1,
4037,,F,1,
4038,,G,1,
4039,,H,1,
4040,,I,1,
4041,,J,1,
4042,,K,1,
4043,,L,1,
4044,,M,1,
4045,,N,1,
4046,,O,1,
4047,,P,1,
4048,,A,3,
4049,,B,3,
4050,,C,3,
4051,,D,3,
4052,,E,3,
4053,,F,3,
4054,,G,3,
4055,,H,3,
4056,,I,3,
4057,,J,3,
4058,,K,3,
4059,,L,3,
4060,,M,3,
4061,,N,3,
4062,,O,3,
4063,,P,3,
4064,,A,5,
4065,,B,5,
4066,,C,5,
4067,,D,5,
4068,,E,5,
4069,,F,5,
4070,,G,5,
4071,,H,5,
4072,,I,5,
4073,,J,5,
4074,,K,5,
4075,,L,5,
4076,,M,5,
4077,,N,5,
4078,,O,5,
4079,,P,5,
4080,,A,7,
4081,,B,7,
4082,,C,7,
4083,,D,7,
4084,,E,7,
4085,,F,7,
4086,,G,7,
4087,,H,7,
4088,,I,7,
4089,,J,7,
4090,,K,7,
4091,,L,7,
4092,,M,7,
4093,,N,7,
4094,,O,7,
4095,,P,7,
4096,,A,9,
4097,,B,9,
4098,,C,9,
4099,,D,9,
4100,,E,9,
4101,,F,9,
4102,,G,9,
4103,,H,9,
4104,,I,9,
4105,,J,9,
4106,,K,9,
4107,,L,9,
4108,,M,9,
4109,,N,9,
4110,,O,9,
4111,,P,9,
4112,,A,11,
4113,,B,11,
4114,,C,11,
4115,,D,11,
4116,,E,11,
4117,,F,11,
4118,,G,11,
4119,,H,11,
4120,,I,11,
4121,,J,11,
4122,,K,11,
4123,,L,11,
4124,,M,11,
4125,,N,11,
4126,,O,11,
4127,,P,11,
4128,,A,13,
4129,,B,13,
4130,,C,13,
4131,,D,13,
4132,,E,13,
4133,,F,13,
4134,,G,13,
4135,,H,13,
4136,,I,13,
4137,,J,13,
4138,,K,13,
4139,,L,13,
4140,,M,13,
4141,,N,13,
4142,,O,13,
4143,,P,13,
4144,,A,15,
4145,,B,15,
4146,,C,15,
4147,,D,15,
4148,,E,15,
4149,,F,15,
4150,,G,15,
4151,,H,15,
4152,,I,15,
4153,,J,15,
4154,,K,15,
4155,,L,15,
4156,,M,15,
4157,,N,15,
4158,,O,15,
4159,,P,15,
4160,,A,17,
4161,,B,17,
4162,,C,17,
4163,,D,17,
4164,,E,17,
4165,,F,17,
4166,,G,17,
4167,,H,17,
4168,,I,17,
4169,,J,17,
4170,,K,17,
4171,,L,17,
4172,,M,17,
4173,,N,17,
4174,,O,17,
4175,,P,17,
4176,,A,19,
4177,,B,19,
4178,,C,19,
4179,,D,19,
4180,,E,19,
4181,,F,19,
4182,,G,19,
4183,,H,19,
4184,,I,19,
4185,,J,19,
4186,,K,19,
4187,,L,19,
4188,,M,19,
4189,,N,19,
4190,,O,19,
4191,,P,19,
4192,,A,21,
4193,,B,21,
4194,,C,21,
4195,,D,21,
4196,,E,21,
4197,,F,21,
4198,,G,21,
4199,,H,21,
4200,,I,21,
4201,,J,21,
4202,,K,21,
4203,,L,21,
4204,,M,21,
4205,,N,21,
4206,,O,21,
4207,,P,21,
4208,,A,23,
4209,,B,23,
4210,,C,23,
4211,,D,23,
4212,,E,23,
4213,,F,23,
4214,,G,23,
4215,,H,23,
4216,,I,23,
4217,,J,23,
4218,,K,23,
4219,,L,23,
4220,,M,23,
4221,,N,23,
4222,,O,23,
4223,,P,23,
4224,,A,1,
4225,,B,1,
4226,,C,1,
4227,,D,1,
4228,,E,1,
4229,,F,1,
4230,,G,1,
4231,,H,1,
4232,,I,1,
4233,,J,1,
4234,,K,1,
4235,,L,1,
4236,,M,1,
4237,,N,1,
4238,,O,1,
4239,,P,1,
4240,,A,3,
4241,,B,3,
4242,,C,3,
4243,,D,3,
4244,,E,3,
4245,,F,3,
4246,,G,3,
4247,,H,3,
4248,,I,3,
4249,,J,3,
4250,,K,3,
4251,,L,3,
4252,,M,3,
4253,,N,3,
4254,,O,3,
4255,,P,3,
4256,,A,5,
4257,,B,5,
4258,,C,5,
4259,,D,5,
4260,,E,5,
4261,,F,5,
4262,,G,5,
4263,,H,5,
4264,,I,5,
4265,,J,5,
4266,,K,5,
4267,,L,5,
4268,,M,5,
4269,,N,5,
4270,,O,5,
4271,,P,5,
4272,,A,7,
4273,,B,7,
4274,,C,7,
4275,,D,7,
4276,,E,7,
4277,,F,7,
4278,,G,7,
4279,,H,7,
4280,,I,7,
4281,,J,7,
4282,,K,7,
4283,,L,7,
4284,,M,7,
4285,,N,7,
4286,,O,7,
4287,,P,7,
4288,,A,9,
4289,,B,9,
4290,,C,9,
4291,,D,9,
4292,,E,9,
4293,,F,9,
4294,,G,9,
4295,,H,9,
4296,,I,9,
4297,,J,9,
4298,,K,9,
4299,,L,9,
4300,,M,9,
4301,,N,9,
4302,,O,9,
4303,,P,9,
4304,,A,11,
4305,,B,11,
4306,,C,11,
4307,,D,11,
4308,,E,11,
4309,,F,11,
4310,,G,11,
4311,,H,11,
4312,,I,11,
4313,,J,11,
4314,,K,11,
4315,,L,11,
4316,,M,11,
4317,,N,11,
4318,,O,11,
4319,,P,11,
4320,,A,13,
4321,,B,13,
4322,,C,13,
4323,,D,13,
4324,,E,13,
4325,,F,13,
4326,,G,13,
4327,,H,13,
4328,,I,13,
4329,,J,13,
4330,,K,13,
4331,,L,13,
4332,,M,13,
4333,,N,13,
4334,,O,13,
4335,,P,13,
4336,,A,15,
4337,,B,15,
4338,,C,15,
4339,,D,15,
4340,,E,15,
4341,,F,15,
4342,,G,15,
4343,,H,15,
4344,,I,15,
4345,,J,15,
4346,,K,15,
4347,,L,15,
4348,,M,15,
4349,,N,15,
4350,,O,15,
4351,,P,15,
4352,,A,17,
4353,,B,17,
4354,,C,17,
4355,,D,17,
4356,,E,17,
4357,,F,17,
4358,,G,17,
4359,,H,17,
4360,,I,17,
4361,,J,17,
4362,,K,17,
4363,,L,17,
4364,,M,17,
4365,,N,17,
4366,,O,17,
4367,,P,17,
4368,,A,19,
4369,,B,19,
4370,,C,19,
4371,,D,19,
4372,,E,19,
4373,,F,19,
4374,,G,19,
4375,,H,19,
4376,,I,19,
4377,,J,19,
4378,,K,19,
4379,,L,19,
4380,,M,19,
4381,,N,19,
4382,,O,19,
4383,,P,19,
4384,,A,21,
4385,,B,21,
4386,,C,21,
4387,,D,21,
4388,,E,21,
4389,,F,21,
4390,,G,21,
4391,,H,21,
4392,,I,21,
4393,,J,21,
4394,,K,21,
4395,,L,21,
4396,,M,21,
4397,,N,21,
4398,,O,21,
4399,,P,21,
4400,,A,23,
4401,,B,23,
4402,,C,23,
4403,,D,23,
4404,,E,23,
4405,,F,23,
4406,,G,23,
4407,,H,23,
4408,,I,23,
4409,,J,23,
4410,,K,23,
4411,,L,23,
4412,,M,23,
4413,,N,23,
4414,,O,23,
4415,,P,23,
4416,,A,1,
4417,,B,1,
4418,,C,1,
4419,,D,1,
4420,,E,1,
4421,,F,1,
4422,,G,1,
4423,,H,1,
4424,,I,1,
4425,,J,1,
4426,,K,1,
4427,,L,1,
4428,,M,1,
4429,,N,1,
4430,,O,1,
4431,,P,1,
4432,,A,3,
4433,,B,3,
4434,,C,3,
4435,,D,3,
4436,,E,3,
4437,,F,3,
4438,,G,3,
4439,,H,3,
4440,,I,3,
4441,,J,3,
4442,,K,3,
4443,,L,3,
4444,,M,3,
4445,,N,3,
4446,,O,3,
4447,,P,3,
4448,,A,5,
4449,,B,5,
4450,,C,5,
4451,,D,5,
4452,,E,5,
4453,,F,5,
4454,,G,5,
4455,,H,5,
4456,,I,5,
4457,,J,5,
4458,,K,5,
4459,,L,5,
4460,,M,5,
4461,,N,5,
4462,,O,5,
4463,,P,5,
4464,,A,7,
4465,,B,7,
4466,,C,7,
4467,,D,7,
4468,,E,7,
4469,,F,7,
4470,,G,7,
4471,,H,7,
4472,,I,7,
4473,,J,7,
4474,,K,7,
4475,,L,7,
4476,,M,7,
4477,,N,7,
4478,,O,7,
4479,,P,7,
4480,,A,9,
4481,,B,9,
4482,,C,9,
4483,,D,9,
4484,,E,9,
4485,,F,9,
4486,,G,9,
4487,,H,9,
4488,,I,9,
4489,,J,9,
4490,,K,9,
4491,,L,9,
4492,,M,9,
4493,,N,9,
4494,,O,9,
4495,,P,9,
4496,,A,11,
4497,,B,11,
4498,,C,11,
4499,,D,11,
4500,,E,11,
4501,,F,11,
4502,,G,11,
4503,,H,11,
4504,,I,11,
4505,,J,11,
4506,,K,11,
4507,,L,11,
4508,,M,11,
4509,,N,11,
4510,,O,11,
4511,,P,11,
4512,,A,13,
4513,,B,13,
4514,,C,13,
4515,,D,13,
4516,,E,13,
4517,,F,13,
4518,,G,13,
4519,,H,13,
4520,,I,13,
4521,,J,13,
4522,,K,13,
4523,,L,13,
4524,,M,13,
4525,,N,13,
4526,,O,13,
4527,,P,13,
4528,,A,15,
4529,,B,15,
4530,,C,15,
4531,,D,15,
4532,,E,15,
4533,,F,15,
4534,,G,15,
4535,,H,15,
4536,,I,15,
4537,,J,15,
4538,,K,15,
4539,,L,15,
4540,,M,15,
4541,,N,15,
4542,,O,15,
4543,,P,15,
4544,,A,17,
4545,,B,17,
4546,,C,17,
4547,,D,17,
4548,,E,17,
4549,,F,17,
4550,,G,17,
4551,,H,17,
4552,,I,17,
4553,,J,17,
4554,,K,17,
4555,,L,17,
4556,,M,17,
4557,,N,17,
4558,,O,17,
4559,,P,17,
4560,,A,19,
4561,,B,19,
4562,,C,19,
4563,,D,19,
4564,,E,19,
4565,,F,19,
4566,,G,19,
4567,,H,19,
4568,,I,19,
4569,,J,19,
4570,,K,19,
4571,,L,19,
4572,,M,19,
4573,,N,19,
4574,,O,19,
4575,,P,19,
4576,,A,21,
4577,,B,21,
4578,,C,21,
4579,,D,21,
4580,,E,21,
4581,,F,21,
4582,,G,21,
4583,,H,21,
4584,,I,21,
4585,,J,21,
4586,,K,21,
4587,,L,21,
4588,,M,21,
4589,,N,21,
4590,,O,21,
4591,,P,21,
4592,,A,23,
4593,,B,23,
4594,,C,23,
4595,,D,23,
4596,,E,23,
4597,,F,23,
4598,,G,23,
4599,,H,23,
4600,,I,23,
4601,,J,23,
4602,,K,23,
4603,,L,23,
4604,,M,23,
4605,,N,23,
4606,,O,23,
4607,,P,23,
4608,,A,1,
4609,,B,1,
4610,,C,1,
4611,,D,1,
4612,,E,1,
4613,,F,1,
4614,,G,1,
4615,,H,1,
4616,,I,1,
4617,,J,1,
4618,,K,1,
4619,,L,1,
4620,,M,1,
4621,,N,1,
4622,,O,1,
4623,,P,1,
4624,,A,3,
4625,,B,3,
4626,,C,3,
4627,,D,3,
4628,,E,3,
4629,,F,3,
4630,,G,3,
4631,,H,3,
4632,,I,3,
4633,,J,3,
4634,,K,3,
4635,,L,3,
4636,,M,3,
4637,,N,3,
4638,,O,3,
4639,,P,3,
4640,,A,5,
4641,,B,5,
4642,,C,5,
4643,,D,5,
4644,,E,5,
4645,,F,5,
4646,,G,5,
4647,,H,5,
4648,,I,5,
4649,,J,5,
4650,,K,5,
4651,,L,5,
4652,,M,5,
4653,,N,5,
4654,,O,5,
4655,,P,5,
4656,,A,7,
4657,,B,7,
4658,,C,7,
4659,,D,7,
4660,,E,7,
4661,,F,7,
4662,,G,7,
4663,,H,7,
4664,,I,7,
4665,,J,7,
4666,,K,7,
4667,,L,7,
4668,,M,7,
4669,,N,7,
4670,,O,7,
4671,,P,7,
4672,,A,9,
4673,,B,9,
4674,,C,9,
4675,,D,9,
4676,,E,9,
4677,,F,9,
4678,,G,9,
4679,,H,9,
4680,,I,9,
4681,,J,9,
4682,,K,9,
4683,,L,9,
4684,,M,9,
4685,,N,9,
4686,,O,9,
4687,,P,9,
4688,,A,11,
4689,,B,11,
4690,,C,11,
4691,,D,11,
4692,,E,11,
4693,,F,11,
4694,,G,11,
4695,,H,11,
4696,,I,11,
4697,,J,11,
4698,,K,11,
4699,,L,11,
4700,,M,11,
4701,,N,11,
4702,,O,11,
4703,,P,11,
4704,,A,13,
4705,,B,13,
4706,,C,13,
4707,,D,13,
4708,,E,13,
4709,,F,13,
4710,,G,13,
4711,,H,13,
4712,,I,13,
4713,,J,13,
4714,,K,13,
4715,,L,13,
4716,,M,13,
4717,,N,13,
4718,,O,13,
4719,,P,13,
4720,,A,15,
4721,,B,15,
4722,,C,15,
4723,,D,15,
4724,,E,15,
4725,,F,15,
4726,,G,15,
4727,,H,15,
4728,,I,15,
4729,,J,15,
4730,,K,15,
4731,,L,15,
4732,,M,15,
4733,,N,15,
4734,,O,15,
4735,,P,15,
4736,,A,17,
4737,,B,17,
4738,,C,17,
4739,,D,17,
4740,,E,17,
4741,,F,17,
4742,,G,17,
4743,,H,17,
4744,,I,17,
4745,,J,17,
4746,,K,17,
4747,,L,17,
4748,,M,17,
4749,,N,17,
4750,,O,17,
4751,,P,17,
4752,,A,19,
4753,,B,19,
4754,,C,19,
4755,,D,19,
4756,,E,19,
4757,,F,19,
4758,,G,19,
4759,,H,19,
4760,,I,19,
4761,,J,19,
4762,,K,19,
4763,,L,19,
4764,,M,19,
4765,,N,19,
4766,,O,19,
4767,,P,19,
4768,,A,21,
4769,,B,21,
4770,,C,21,
4771,,D,21,
4772,,E,21,
4773,,F,21,
4774,,G,21,
4775,,H,21,
4776,,I,21,
4777,,J,21,
4778,,K,21,
4779,,L,21,
4780,,M,21,
4781,,N,21,
4782,,O,21,
4783,,P,21,
4784,,A,23,
4785,,B,23,
4786,,C,23,
4787,,D,23,
4788,,E,23,
4789,,F,23,
4790,,G,23,
4791,,H,23,
4792,,I,23,
4793,,J,23,
4794,,K,23,
4795,,L,23,
4796,,M,23,
4797,,N,23,
4798,,O,23,
4799,,P,23,
