,Cycle,A1,A2,A3,A4,A5,A6,A7,A8,A9,A10,A11,A12,B1,B2,B3,B4,B5,B6,B7,B8,B9,B10,B11,B12,C1,C2,C3,C4,C5,C6,C7,C8,C9,C10,C11,C12,D1,D2,D3,D4,D5,D6,D7,D8,D9,D10,D11,D12,E1,E2,E3,E4,E5,E6,E7,E8,E9,E10,E11,E12,F1,F2,F3,F4,F5,F6,F7,F8,F9,F10,F11,F12,G1,G2,G3,G4,G5,G6,G7,G8,G9,G10,G11,G12,H1,H2,H3,H4,H5,H6,H7,H8,H9,H10,H11,H12
,1,4713.89422900069,4505.50340137908,4441.69950400759,4454.00661226075,4530.72159304356,4570.36466614925,4567.932470194,4485.71002083115,4400.46798993454,4356.11551586884,4348.38899475827,4229.42050510266,4854.99501142697,4609.87342905114,4470.68046275449,4459.40716320262,4509.59474550507,4572.04233538387,4557.33771526339,4475.93529308605,4460.89097582462,4468.44598800256,4629.52899218178,4340.36564511975,4817.03690309056,4594.34296399303,4519.32468559143,4520.65695438963,4536.26801446431,4623.96570595605,4616.75161899412,4543.98606107795,4493.82057257406,4497.03438244568,4588.31117157751,4452.65182878433,4904.06441930709,4498.6055729526,4507.39629903105,4511.81517683751,4562.69082493871,4561.57531664868,4563.4788863248,4584.39205221263,4534.22941502344,4504.24226938939,4489.93577852732,4407.46686272166,4983.77656334745,4637.53263357236,4529.78639734832,4549.76313496167,4594.69786534943,4588.07634734133,4582.13045799781,4560.83928707672,4540.54787068451,4534.40920444074,4476.61959559219,4423.33640555343,4818.77198013558,4525.73195830735,4533.22783953367,4513.35173823028,4588.13685239681,4593.2451863035,4628.77009004261,4555.89842938839,4530.84322523923,4531.07655893188,4579.89914614834,4424.95027256409,4834.36574512725,4665.97651112437,4633.37798480555,4524.7212487686,4596.83186553856,4710.43166687348,4807.47456572126,4616.69870319479,4538.76953398583,4620.22005004103,4596.54728739709,4370.91047094885,4176.81789686865,4344.52791978715,4473.70115746512,4418.61391237804,4536.99277405612,4567.12070678308,4608.42620276972,4527.92144120936,4467.78276682437,4409.90604550133,4433.29729900076,4311.97662124771
,2,5263.32633999104,4799.82219738197,4606.14484157346,4629.71810900202,4703.58009836113,4735.28081029435,4739.06741693531,4660.82357250863,4585.75611297003,4533.12279793373,4519.34726766502,4405.83239683869,5408.63942196826,4937.39780842863,4656.66284998337,4623.64330023366,4654.03692554754,4722.67266552485,4718.85407552454,4643.55501027282,4617.84549215601,4635.31852594011,4810.52261616943,4503.39796063986,5372.30773814045,4884.96823680111,4654.71433301719,4650.80240161021,4660.41544986093,4742.34247459252,4735.9056388094,4656.76771812964,4607.47796753694,4604.1127758651,4697.92503972246,4552.08287270802,5492.12846197918,4730.45274412514,4610.9268593312,4614.82925859673,4651.6301997251,4662.24278459875,4640.21973750707,4669.47073367552,4614.38993191843,4580.9305938055,4569.44812411993,4484.00550102716,5586.13830725142,4897.94343593696,4622.38834160024,4633.8740811158,4679.34602514693,4661.71192418444,4669.24213920259,4634.30168496658,4615.57401792667,4611.29077819145,4541.58511035907,4497.91282377574,5265.57620947299,4694.68827160536,4617.40055704812,4590.7394890604,4677.01763948469,4681.81888995964,4711.97462451583,4626.92928400399,4598.80588247636,4609.67899039183,4647.4023657602,4493.85343577738,5297.12857202403,4857.42806404748,4715.75562164037,4611.73341219689,4675.84651427029,4790.69832649233,4880.65439670993,4689.01284514509,4609.77997153287,4688.54342064667,4674.68412830607,4453.46566656787,4245.62725602772,4415.32276028335,4562.04227468433,4491.60561548493,4612.82615965077,4654.24691468076,4680.34522076661,4609.60467782567,4544.4477801354,4485.19027083484,4514.20494663997,4382.93487330173
,3,5882.96506613813,5117.77640187473,4713.35600889133,4747.07381466694,4852.82203668077,4883.57363070691,4881.50664375803,4803.07371102715,4729.24949087293,4678.47279986714,4664.9061136766,4555.56306078105,6012.58059379135,5267.96124788735,4773.01370628123,4749.56218677373,4794.66425719876,4852.96374862392,4853.03050655044,4769.11733692517,4759.09234579971,4782.45701933311,4928.59071880932,4644.86721738277,5998.96177152943,5167.55511965995,4790.70989942306,4795.52320333566,4795.99249773054,4901.7629699706,4884.25448270877,4799.72967550467,4739.30892851056,4755.37421210798,4853.25676112198,4708.07922647402,6119.47054727385,4995.73207164926,4726.59377760966,4732.10107631177,4761.22806559478,4732.41992837316,4735.01690317564,4780.0870010508,4722.84265734511,4691.55984952517,4693.55692503804,4571.907550828,6208.31746918116,5128.47844282768,4676.35446425877,4691.48395296811,4737.71407946648,4715.24052958371,4722.24611574212,4689.87151271837,4678.14665293138,4674.02565560279,4609.70080796713,4549.36498516825,5702.99589028263,4860.64148433756,4668.07641550354,4627.48560529377,4731.5869398699,4733.79477315248,4755.73353027232,4678.93989056547,4650.29271780604,4644.04205947008,4699.97947533133,4547.73517147747,5754.04518248507,5029.45841427362,4765.18417233992,4654.89543180718,4725.66790371129,4840.91283445537,4922.58513078714,4738.33652012888,4657.77843693471,4735.20424640082,4724.66620572383,4502.83328003637,4287.78410073529,4452.14104593269,4607.18884207433,4543.72519190324,4660.88976077009,4692.89723556232,4743.16836174385,4672.05966083874,4587.5866826994,4535.64311434129,4557.10206901676,4434.95471046502
,4,6538.67497035334,5437.15004819627,4837.38401379896,4823.78195615316,4927.74455580826,4971.30549359182,4984.017899735,4921.78123907182,4829.30662566305,4777.86197028293,4746.3268551069,4647.2348174331,6664.51417034003,5633.53213054531,4876.4914234385,4824.06669110244,4877.47066374142,4936.66731879088,4929.81482309241,4861.03569532653,4860.50120798823,4876.60727294751,5017.16524908794,4727.95079636272,6696.36752413247,5496.89526276875,4882.79730881392,4904.19772266998,4902.30180428937,4991.68282999691,4989.94092116475,4894.73756674342,4837.47727946801,4860.29929657623,4954.09168791635,4822.43958490278,6828.32199722477,5289.58889831165,4846.9256371829,4848.86312550234,4871.74745485146,4853.18226445105,4852.44219341353,4895.40806960155,4842.58036012588,4817.92222265138,4815.78487273995,4702.79208936351,6898.99285596531,5406.07929720966,4742.18178057406,4757.72895815893,4796.90955343507,4775.51422975931,4771.99310543853,4738.86063856857,4725.94134192963,4745.40735301032,4655.37632854223,4606.59158682403,6149.46027228653,4978.82013352573,4706.35564018449,4678.87798861019,4756.19377496147,4783.55894724741,4795.38467195355,4723.81335262309,4699.72240744821,4693.38159980836,4741.48490862822,4595.49141009932,6219.30073067871,5206.1713598845,4803.16557728018,4697.92501403871,4771.67015599602,4890.18822281105,4956.08904213725,4776.5024640737,4706.44367991194,4768.97217123609,4759.12546821023,4530.39290225377,4317.39781920836,4475.62252164768,4649.96584131377,4584.49683788805,4705.75630593438,4728.10491580957,4782.17288708973,4696.92572499171,4637.09162554405,4570.80987542932,4587.64039951688,4473.56849242608
,5,7233.17905588008,5776.9892444972,4902.27191898572,4905.3324782819,5002.59841304847,5045.58168501315,5046.48831465353,4982.86641515387,4889.07579388095,4821.82360409961,4806.07589783523,4707.91830842601,7338.18763992526,6007.90575445322,4945.08059490537,4900.53373621312,4961.142882124,4995.77589687522,4998.51359178489,4918.03074576437,4930.75800561411,4936.52204196441,5054.91646229035,4781.6053940709,7424.67504917468,5846.87293256145,4948.32959204141,4957.73568306608,4962.14572775214,5054.64422534616,5044.51036522928,4958.11026771465,4915.50001294403,4919.10730145967,5000.74042404318,4895.63368166906,7578.0691435239,5599.40894737052,4901.82706628121,4908.43472575305,4934.78807785785,4917.79667726785,4926.84869091581,4964.2059888432,4926.16486840287,4896.12510257396,4882.14194804316,4788.25877831512,7626.86984004088,5701.8388417441,4850.40889228547,4854.25904300848,4899.29799410381,4877.03518375344,4879.97720979838,4846.32944404309,4839.9736872283,4852.95379191971,4765.46293802162,4704.07171892062,6614.51058001277,5130.84789689381,4766.87984392174,4708.1692244791,4802.48186039309,4821.58322477337,4837.89545920779,4765.0787079468,4735.69849244337,4738.47534370304,4776.98410224505,4625.81767879717,6694.70672277293,5378.62714811044,4842.0292253571,4729.3854345466,4800.97469986645,4912.98409867711,4996.04768844203,4816.36920799333,4734.35971035516,4805.83613551557,4791.96675655442,4566.58948908671,4333.41683268761,4491.84830539129,4672.18480765658,4627.78705687301,4745.67005571386,4771.18929859805,4797.95407663743,4737.49394225862,4665.0675886937,4602.02152466113,4618.76158897197,4499.14863532463
,6,7952.32714752235,6115.56070238525,4951.30695362176,4955.35036836987,5074.83745591387,5099.19189629053,5109.1811011306,5033.3026675796,4936.47239474243,4852.21678345789,4832.33940049639,4740.17413990688,8054.68154755993,6403.00768791535,4990.71361087281,4977.45816410973,5018.22136093039,5049.54739059836,5064.75947351511,4986.71575298572,4970.20938387302,4976.59498189325,5090.56110501869,4805.27893614029,8204.23233812563,6216.96460659012,5011.63310823231,5001.58769196835,5022.1246132243,5103.07239131042,5101.77847573763,5018.09215981006,4955.31991679258,4960.92504055061,5041.95455272326,4933.16279197351,8411.89192525247,5940.08355912135,4940.2987935723,4959.96949378274,5000.12622071062,4974.44161569701,4994.13493281845,5030.32382073608,4975.26268707985,4929.92923252253,4925.7786379797,4829.91770947736,8404.38076644281,6014.04760267093,4913.91131255882,4933.18230509079,4970.70913581078,4941.86405713493,4950.1102507097,4927.67376815662,4917.50982762129,4926.60692144807,4836.9773553008,4785.26769113969,7032.11043574953,5290.39666531892,4857.48152265068,4803.46391256974,4895.34029155523,4899.64399354032,4929.45713012232,4861.06452940024,4837.7164148831,4828.06506993213,4864.59321550452,4684.91872491169,7191.18041083868,5560.77779751984,4879.96515284198,4769.75330543442,4844.33064447605,4951.13119545205,5049.21131027588,4848.9462210074,4772.30860235921,4838.01237188951,4815.23053431816,4591.80242295376,4354.97025520113,4514.53175911474,4713.03967485605,4650.37009906966,4771.79224542423,4803.24892694056,4851.96531950452,4763.75022792493,4692.23577882484,4631.58076787811,4645.63990741634,4566.19217932159
,7,8682.77189403366,6476.05340894343,5008.60896422606,5022.94265500356,5127.56094535978,5119.25948837159,5129.52578116704,5069.83986971866,4988.05997580073,4895.09901421832,4860.53953490757,4773.47191177484,8794.60222509137,6800.16734900541,5039.28821133914,5022.75206181499,5079.31776241905,5102.20722219612,5124.57894985146,5046.8741674518,5009.97913997884,5003.56665773344,5133.98196615568,4836.50955838649,9012.08529724123,6615.1834169603,5057.48370037272,5045.0189977569,5059.17760955523,5140.88657346208,5151.16916901398,5070.44874372145,5002.46008866115,4994.78757473815,5068.72840221107,4957.03251659347,9274.27490826367,6290.68246128303,4985.63554500423,4998.02321574567,5048.06804437979,5026.13624777147,5032.20278672642,5068.2955079681,5018.01692686737,4959.7270183817,4941.17044951749,4859.01860048583,9229.90677475798,6353.64501072797,4967.98660655178,4971.39462165071,5033.43498155496,5001.34754919635,5007.32984375868,4975.50665114578,4959.52005347188,4958.80183423474,4884.02257583554,4828.62501607209,7525.97476136843,5458.10646805525,4916.47178205512,4876.39027381204,4959.57100953007,4967.58148907356,4994.81484421714,4929.58758319195,4908.09051573178,4901.50516333745,4923.26671963029,4779.05888118888,7692.43771776104,5740.68486851949,4963.54058152779,4845.56776575474,4928.70985753849,5036.99228762066,5126.62302564444,4921.48150706814,4837.87035858916,4909.6694172983,4874.25818812429,4669.30377424603,4383.44720789625,4527.2643713848,4762.30598751422,4707.50570737791,4822.57327470597,4850.34111380395,4867.62351820856,4802.82265394601,4732.75259076002,4661.24940616534,4676.39178668053,4657.25944719591
,8,9445.04514056097,6826.63218594701,5041.73333916592,5057.44460986542,5165.08011919227,5174.9557376734,5181.29905306241,5111.44171579999,5012.08234547389,4923.68878733001,4882.46096451171,4798.69388223805,9560.33678371449,7228.35651831324,5085.46407845794,5057.26529681712,5112.62932653523,5163.04428024865,5174.03135000404,5088.85912597455,5042.36342863778,5042.32538132183,5144.71943141631,4877.28173815043,9844.88005854988,7016.82829763602,5097.74042885122,5076.82457847789,5096.2379945013,5204.12508848194,5207.31629802594,5107.08886158358,5023.60386189946,5020.48758820833,5094.25225996811,4994.71619067845,10190.538057058,6668.92249251782,5018.02966502677,5030.11787792973,5086.8779071341,5069.35979217524,5059.86902861976,5106.21915853509,5035.99194049125,4979.40111284091,4974.6239898347,4885.9562032941,10081.4176514116,6699.12099479503,4999.15814364537,5002.05090742602,5067.9056557786,5037.15252014885,5036.73691832812,5011.24591065789,4991.81779942062,4989.39227150406,4905.25336934994,4863.41329454188,8065.72596720165,5624.98614189867,4959.59113190797,4913.58635778456,5008.64948045005,5013.65439639558,5046.9722716436,4969.41868553921,4937.00825268564,4943.7913659753,4964.32405629009,4816.07972270184,8214.35271154383,5929.25083452612,5020.61222327789,4917.02975574292,4982.69854672612,5087.2048707723,5184.49086131177,4989.22074191325,4898.75194833678,4971.84874376456,4945.38916230807,4764.07063817088,4396.79738901025,4557.3233919043,4824.88588718707,4772.26256399612,4888.45035040005,4933.41984676913,4952.63780131031,4891.06819422262,4792.6413261834,4735.68486393022,4735.62142559523,4710.37666657127
,9,10209.4739684273,7191.8060988904,5088.21514758448,5109.17854048852,5179.62774381417,5222.49880529268,5211.3687659331,5146.01051642439,5038.83539290779,4953.13979858079,4921.69406828564,4818.63204499337,10348.9875667465,7653.27814273895,5132.64264401184,5091.11446851197,5154.86985197817,5215.48860073542,5213.38190213567,5125.36793065146,5088.01225743056,5076.19007837312,5176.05974265964,4900.44403326706,10699.3316208223,7459.09551969798,5129.57960772312,5106.92720051542,5131.49102263762,5252.89517724022,5244.83996077227,5145.22973469899,5062.06714064601,5046.93329629649,5125.38940162517,5022.27054248952,11147.1348743672,7048.77342775677,5041.45674691174,5058.1264746455,5114.14104848652,5099.05250498038,5091.84935971555,5130.24080119362,5074.06138776036,5009.21491102707,4991.27976152099,4906.8963174626,11013.3432968912,7073.78550674168,5029.04742107993,5054.6486549319,5104.05522545307,5070.76227731706,5062.9727517737,5043.51548320284,5015.08128512078,5003.70660782037,4925.02797570371,4883.86754679706,8588.84421206863,5811.09397403025,4989.92302335955,4951.01742085275,5059.96761247817,5058.38197292188,5083.03090238943,5004.43701957662,4975.77384265033,4957.22237885017,4981.07012148853,4847.43895282163,8734.69896561873,6126.86118986059,5066.57439057298,4946.21584203726,5024.83483756647,5133.2463769386,5227.34753401877,5020.92211690248,4941.7776846261,5009.78104202168,4993.04791598523,4801.19068806899,4418.50929648425,4571.01749573174,4876.83832307249,4823.43964042026,4943.64465402863,4986.21586545065,5007.33510511833,4942.06723570971,4863.69794457579,4801.00216915648,4802.91839053632,4745.35313411073
,10,10956.5203627363,7551.0918754512,5111.25629028703,5145.40720104461,5225.77831599362,5258.76344398987,5258.50699942652,5159.83857208109,5078.92333235401,4974.9263918871,4940.21045052276,4848.6422286623,11143.2199997771,8079.87374444059,5151.75785896879,5136.36183527624,5180.85429813467,5242.28303438249,5237.05418129178,5147.79850725573,5120.99548503451,5100.56180620081,5212.04154706763,4913.58076569927,11574.2658199251,7873.97580810252,5164.65162032461,5131.36425602117,5156.01697469624,5294.95532530975,5273.00494244358,5171.21072525861,5078.89133645022,5069.90745331982,5152.33674575905,5039.87669421285,12118.5384255103,7445.36290599104,5074.5700394561,5086.59106309182,5147.82255200578,5121.80502667098,5123.71625195062,5165.89707503168,5089.88033998694,5031.99568806219,5017.57032562067,4935.48347444957,11915.5472223883,7457.45104789872,5050.1052282892,5069.50835681373,5128.69193530743,5104.89502963047,5092.01674711089,5063.07141627735,5038.7531348238,5043.37095880262,4939.79489798092,4892.8215908278,9153.4243471713,5981.60542365333,5013.73210071472,4974.36604566242,5068.16849402311,5076.53987633916,5101.67533225646,5029.30449008581,4991.34923148967,4992.45276535701,5019.53248787953,4860.45978658484,9294.66041444056,6315.28778917655,5095.63111309423,4980.15526456713,5056.66736335725,5155.1034678585,5258.33616414002,5061.48835008138,4973.23117397316,5039.53239271682,5017.8664037412,4831.27466656636,4425.18297704268,4591.50965476532,4900.32409581509,4855.03757783603,4983.9398719562,5019.66839814649,5044.34253364563,4968.75336713322,4902.43485183028,4828.84775339658,4846.52413496932,4766.74095367147
,11,11742.8860881407,7943.2408154161,5140.24680222244,5187.61997927063,5273.02404621688,5266.14848890964,5285.81318456899,5197.80066464586,5110.86501793321,5008.5249805632,4969.21585004923,4875.53104370832,11951.9642677166,8526.55929111579,5190.06518944021,5166.84562056994,5215.25992466032,5289.42513485833,5273.08236302678,5175.10877616288,5139.75926398808,5132.91811353907,5235.77694722563,4936.99021461767,12456.1254936037,8317.89253096523,5202.96853485621,5164.0957553671,5187.05232832824,5327.79947307238,5302.33779897591,5195.75996458742,5098.09140770104,5103.73101636452,5171.75830338407,5057.61966558883,13068.5847390418,7861.79878905149,5091.10509743172,5115.04269039854,5168.25468217774,5147.19762825943,5141.14070617485,5186.06876876221,5112.32799876056,5061.59143063371,5036.56880692342,4937.58911348531,12841.1167454708,7829.64232252121,5075.91671416651,5098.61480643879,5153.11577211524,5125.80309182545,5113.7376143152,5079.39061135484,5057.98667653665,5051.73888697328,4960.26416941426,4912.95100823848,9730.26162343007,6158.65901280318,5041.90417283554,4987.20826904056,5092.17611916738,5101.0040647453,5120.08231675922,5039.68915048223,5013.80724001494,5002.13020413879,5023.43962971912,4878.20368156088,9843.17650283457,6510.63254956819,5120.5247562309,5008.03825826605,5078.57574170321,5190.30746472681,5280.07546466915,5082.35495196943,4992.00564494371,5062.03285683741,5043.00159398014,4850.11920279268,4449.96609082456,4600.61778311304,4924.88792378008,4881.44493095178,5014.3973296903,5039.51663131245,5081.0605117519,4999.92641210597,4932.20915275806,4854.96911897147,4876.63491695132,4780.43651962371
,12,12510.7754818562,8314.87071137998,5170.3145896492,5213.30625797162,5301.85549649982,5294.41315481476,5312.12159860052,5229.06589353653,5136.66157335032,5033.93616384182,4987.28785783436,4889.90497844852,12763.4639343344,8968.63875207965,5216.94938457164,5187.2894024978,5252.65039879574,5320.64532503908,5309.18784204537,5208.1699949702,5165.58994725731,5154.83173043386,5251.04224606947,4971.68014795818,13356.2033181353,8769.95041875754,5220.49057071482,5188.15763769251,5217.39695717325,5348.98681232415,5331.76217739577,5219.03104245042,5136.69577790377,5120.73852252198,5200.55723545863,5099.80592170305,14038.6703820938,8274.62401239086,5134.1966114272,5142.64124042916,5188.32683896809,5173.00245013579,5168.32511453331,5218.2387186641,5135.66149089102,5079.12980490722,5061.10655133085,4970.84168681934,13801.0627259212,8250.92141874658,5107.87778356073,5124.27944850336,5182.42513240855,5140.16355356051,5140.26209781277,5103.31419886184,5075.12972966575,5070.05051582186,4978.26881763406,4928.246524535,10285.87155287,6321.35238929717,5059.25671860805,5017.04684186691,5098.09782756424,5120.55301955144,5142.78379631493,5064.52657062361,5039.58539239513,5015.74558278679,5036.42067695196,4888.5896746212,10399.7896436286,6721.03006892883,5129.32970346867,5025.12955608263,5105.66050481317,5199.80589805097,5301.18890590654,5104.72117924469,5013.43625470613,5074.36444248687,5057.27938439552,4858.9634927955,4461.12506448212,4615.73426096291,4946.26308512903,4923.73780304861,5034.76737311172,5077.1566647012,5098.24644601065,5019.5859112183,4957.95130220815,4875.93958001594,4901.11898077904,4791.7114253161
,13,13274.6059102969,8699.04663782051,5216.24043773387,5221.31402900541,5329.26912324491,5348.27103941633,5347.5501303646,5264.38636909388,5163.93102985567,5063.29613453209,5007.36705834708,4906.6910243593,13547.2353617521,9450.02811558516,5241.45813699699,5209.7283839408,5265.01307922396,5336.76877469552,5327.09990510881,5228.70374056842,5194.91766561385,5182.75471735494,5287.62286237381,4989.82451917361,14260.0832599706,9233.59900586509,5248.62691646423,5214.00431894584,5242.27639832125,5383.79236500943,5356.81052762838,5237.39058876822,5145.97257015438,5142.13310225758,5217.28913032628,5108.52626234757,15011.0521293538,8741.64124923191,5141.99050642395,5167.90392981885,5210.84404417737,5193.87310624949,5185.83891749472,5238.21890077735,5155.66965136175,5093.88106997287,5077.68033316023,4973.42368991201,14752.3916293778,8661.57114374539,5128.06803779306,5131.7720397673,5204.46047623896,5171.03605440956,5152.13587820047,5117.46103209313,5092.11612162286,5087.75301869084,4997.31250747957,4937.74525000841,10865.4356023748,6505.37980325542,5076.58598374573,5038.51802364027,5128.77882173238,5144.40832390223,5162.36179769556,5073.59199602885,5047.73633865275,5040.77768015927,5055.26193575073,4904.45821203951,10976.9801351953,6933.46644346568,5157.60379794163,5040.59682343759,5124.91960898086,5216.51171949486,5314.79254883218,5125.14062872471,5023.28338810778,5094.67317420896,5069.82794529722,4874.46367054158,4482.15212001009,4629.90150827352,4974.59568417418,4933.19300175206,5054.92005090789,5082.28105309677,5114.92045107902,5038.84904374368,4970.02103515043,4896.96917650745,4909.83869820738,4806.89452380577
,14,14039.199384656,9088.70515663217,5236.21590251227,5269.34282246787,5367.30904452164,5364.06130383507,5376.35555718008,5291.11967788087,5184.94096471266,5082.9562111516,5030.73436871618,4932.77981596453,14369.1975349884,9922.75801256625,5270.89040577652,5243.4134929681,5295.16718957813,5361.59589559614,5356.32014732604,5260.50156650897,5217.45802826126,5201.15929370929,5305.13849554528,4999.18642784283,15126.4998898252,9703.40683517586,5265.53068402812,5247.73590448819,5269.49061512376,5406.85360106676,5376.99925776204,5266.47470667369,5170.29375162995,5166.70492676957,5236.7208518813,5132.8087101503,15952.2924496547,9186.02536194857,5175.75804775811,5189.04555876639,5248.8332303912,5217.61092832372,5212.75576064215,5251.7037601898,5177.32009116593,5111.59886817179,5096.63897882465,5007.4446032641,15689.6010510199,9093.74550189534,5149.46197657328,5158.71539614477,5227.19611319042,5183.30986730177,5171.08102722111,5135.27295814042,5109.46541853563,5100.38197504462,5007.31123374776,4956.80295958308,11451.8754134352,6693.65352535223,5096.74392013337,5057.67659353305,5149.28666624037,5152.64693603925,5181.8300878193,5096.80351930156,5059.12808736915,5060.67854763303,5076.04078330574,4915.3746146488,11553.906872814,7138.6315320997,5180.70690755705,5062.70858479634,5145.52288742489,5224.32954313464,5326.88862492387,5137.62950244084,5037.4005743787,5106.08071213923,5076.13920765974,4881.26201793618,4494.49358624734,4644.74174323129,4986.13639073884,4937.96158451365,5072.79719507542,5114.23105198146,5134.36792375982,5061.85241555577,4988.46681749208,4912.42457689613,4929.87837022352,4807.77727082199
,15,14774.8608319795,9477.31740454048,5264.81865697935,5294.87863240225,5382.29829959068,5397.11148213066,5391.77557740022,5319.84304311384,5224.09453377528,5114.88296345249,5038.66713205492,4947.61711908695,15127.9794078754,10378.6053153897,5304.17419510541,5262.69869933128,5325.84352394734,5386.01264020097,5383.85204384033,5282.17948019205,5231.75529843946,5225.029549499,5318.53758017754,5029.14820840882,16026.6242260644,10198.7460409618,5297.6626742932,5268.74738052186,5281.99679545897,5434.04566892675,5404.21183730444,5286.77966685599,5189.0219934058,5184.39261381105,5264.9285097916,5151.93166562755,16922.5655021282,9652.16533255782,5198.54709202465,5204.97700729497,5254.30924526635,5239.57236312555,5230.58589968094,5278.65348389411,5195.90137653864,5130.51107895483,5112.72633040105,5015.30557747833,16639.0148357161,9516.08644294836,5160.3065131707,5168.85986915205,5240.67081879397,5194.78765355065,5195.75702351237,5151.68913264897,5129.18164137782,5113.21191371112,5018.61735936828,4975.28293899545,12046.624192108,6897.21937286361,5124.96940773018,5065.24332221489,5169.61612559363,5191.69509373356,5192.63480998311,5114.25208126103,5085.03580698164,5062.29668442558,5087.26959280859,4930.58623167734,12144.4877593927,7356.79514417985,5186.16872353339,5086.49908821107,5161.64461912079,5252.21207968319,5346.63998214426,5155.52065794834,5055.36952294062,5117.08369715049,5088.68491290221,4894.21449236433,4507.95960369835,4656.98080332301,4996.4337440026,4945.7109740395,5090.1610909445,5135.55962623075,5157.04976806541,5080.21446768598,4993.33272728009,4917.32248421434,4934.98159640261,4820.13641891644
,16,15548.4443851899,9878.13726536598,5283.63302398879,5307.29078805369,5414.27817733365,5418.54259930218,5436.55560820276,5352.36153262017,5243.06266847397,5124.74415338278,5075.37338994979,4969.07122307325,15952.0410477492,10865.8027488799,5317.70952016974,5290.86419519552,5360.62878689493,5414.76174742329,5409.61523521566,5307.21785020634,5260.55042479872,5242.1772336793,5345.04883889842,5041.0764700111,16892.8208150053,10701.9787818392,5315.83675373204,5283.91434164012,5318.28299432099,5449.89143689408,5423.03598789342,5317.16468208334,5209.4711579162,5201.47291977857,5267.62886560418,5174.83180233058,17922.5572846492,10141.8000667978,5212.24051128444,5228.00111536499,5284.00193400642,5256.67491397484,5251.81147118194,5290.82675770942,5214.51970964986,5152.44347762213,5133.98623062368,5033.34621254856,17592.902526738,9961.59846379905,5188.95455577436,5195.21647575103,5278.69875965952,5222.65728041343,5211.98355667051,5163.61233478246,5142.28657972372,5134.18174464212,5032.46715935026,4985.32951819602,12630.8817577528,7087.52573622883,5130.17152160361,5085.95162366713,5181.75698245946,5190.50846100579,5214.13225050172,5123.6652959559,5085.23179851334,5081.2509827288,5100.02254747144,4935.29726508362,12713.6633029672,7575.72904298958,5210.65006059051,5094.48383917677,5168.20382723046,5270.6237039155,5360.63708793017,5164.97358883663,5063.37510657203,5132.82606595022,5103.03675853171,4906.07738543035,4522.41351141252,4662.3440547046,5015.60159052526,4982.78973356892,5107.30264244819,5129.38178476242,5171.60602352249,5096.76714155889,5015.63055719456,4933.81491534531,4950.99234257439,4827.797235576
,17,16225.1958362713,10265.4663566921,5321.22539087659,5324.13940918642,5423.31639133444,5449.17190907545,5459.67337879389,5356.95396110928,5272.01212384791,5155.38504638169,5095.62929093298,4982.06688958005,16689.4986445547,11353.618901168,5350.24091957794,5314.99449801123,5372.81720427141,5435.50332198254,5422.35575771974,5322.99129054499,5280.47732999833,5261.71493556357,5365.42645485679,5053.14062003991,17757.3000692197,11206.1351431775,5353.88549060626,5312.17498347644,5328.48308056972,5493.33033602044,5446.59452235623,5337.08681844769,5232.85385265243,5221.97971266235,5293.16854464059,5190.84738790804,18830.2265179959,10645.5248073491,5239.31961486997,5245.37821027174,5299.61642803878,5276.58462968333,5261.28134841399,5305.76699664834,5236.71890577905,5174.49489108793,5149.94206826732,5052.74692438575,18518.6805920768,10442.9568484472,5197.20383756486,5209.63292306092,5273.90215027012,5231.6061963382,5223.80817600598,5187.12092770043,5154.18786928312,5143.61269914288,5060.13242084775,4999.3329415179,13217.5990851656,7291.13213597037,5160.59807780126,5110.23825677118,5203.70831601122,5210.01315550501,5233.98433242713,5138.60517924239,5109.15587523955,5084.44948589595,5107.6518862675,4951.4120856308,13281.7774315951,7798.28091045203,5224.88669477786,5118.582917361,5186.78052282184,5275.91648020649,5381.72648725256,5179.26694497501,5084.83843347816,5140.07593247613,5114.93652642622,4913.19301063786,4532.94013934282,4677.45864405493,5036.21672951939,4988.27151234976,5109.15284564502,5150.38537585694,5188.95928871353,5097.90045303693,5021.78692633461,4948.07351566186,4969.24488077444,4833.54558065162
,18,16944.8702405147,10661.0025359421,5342.06776941768,5366.24494627574,5459.77306901696,5468.92799873575,5475.6129658563,5383.02955146354,5288.38185677491,5173.82191587636,5111.19832349306,5000.89012621065,17447.9359128898,11822.7353090816,5370.23092503928,5334.27183634048,5409.72541873808,5473.34862380093,5447.18034507762,5340.85365878931,5300.71232676849,5300.54560209284,5384.87235020284,5081.49253238631,18607.1950075223,11736.6207735913,5364.50589839592,5334.59492101399,5364.0713433354,5494.46608842067,5471.64501018766,5357.39392286987,5254.84243198062,5240.49890157101,5315.06123664564,5222.3049397668,19724.105358728,11140.9116181108,5263.30043129386,5262.26938337014,5318.6972886255,5293.94988898541,5277.79061712623,5335.1205256377,5254.70219994151,5178.60698519427,5164.99947575922,5064.5470561711,19470.730344837,10912.6104721052,5215.48935307444,5238.69204313802,5297.03413137413,5253.5702692256,5239.70021213187,5207.64114155486,5174.45217056706,5158.8345563408,5076.92962157288,5009.27922991407,13840.9985571987,7503.4032505097,5167.98570013939,5110.05038509164,5217.05417167065,5217.3989166646,5244.98902017413,5150.16867684156,5118.32667786594,5103.06722961569,5123.62142359192,4964.11096303636,13877.587439493,8024.61833423785,5235.0467038771,5131.98667701946,5197.86142005587,5288.20284576913,5397.49260364737,5188.5827584939,5089.10597902146,5151.68513629302,5124.27148281176,4919.53735139681,4546.35315080688,4690.30268294694,5049.48252127168,5002.66594249175,5142.70739022605,5170.24347179046,5204.12329296001,5117.56931474194,5053.49613284942,4956.23472056043,4972.41551878752,4847.13295033349
,19,17607.3266123487,11052.7583886529,5358.53339048682,5386.79259785704,5469.14424437107,5487.75099009491,5496.46143418661,5394.41870760882,5308.64136657463,5195.40644241562,5122.32094423904,5018.0745906719,18178.3852304477,12326.7745638608,5408.44529398969,5350.22963597536,5427.09666052869,5481.74405981413,5479.25496124298,5359.575046812,5325.74759440334,5312.91456923023,5409.52636255425,5101.47765681043,19416.9823356035,12244.116903251,5382.91426563203,5350.46108216717,5379.73181097224,5517.59299727942,5489.83038039656,5368.81671636275,5264.60463396349,5255.08800237644,5328.19940074795,5229.2254161226,20653.1563587364,11652.7678453879,5280.30827802059,5285.15402356589,5333.40519172098,5307.18337653043,5299.55073041461,5357.35898048451,5264.96648668743,5194.68097082845,5186.60124741593,5083.48980184314,20378.9802564949,11410.1637077342,5236.52782221034,5253.04133046559,5313.41011146128,5270.07914150432,5261.31834636439,5218.4069511436,5185.99303683867,5175.5799687876,5078.37249580073,5019.81071769272,14430.0098097679,7732.13474778432,5181.02716428062,5134.76270506102,5222.18288478649,5234.00866607199,5255.94414651423,5170.04055009269,5118.89467486633,5128.08899898598,5136.35919810803,4977.09612554786,14463.5572066078,8254.91857321114,5249.51043897483,5149.28076918078,5225.60835093952,5304.30303214673,5412.53834210912,5206.6299288736,5102.25237695641,5168.3785818055,5134.67957916345,4928.33390343431,4558.83873351868,4703.79338163163,5058.20770400985,5022.974316317,5152.46218208367,5190.85766008881,5208.0549130351,5134.56960325719,5059.47359747965,4965.43931502019,4988.01720762647,4856.65310509197
,20,18297.4404938298,11437.48039395,5397.12962944291,5421.99668269084,5503.08514697539,5526.80650767562,5506.4638425898,5421.60966995159,5329.53868080316,5205.96121918027,5140.91902221999,5033.29442414126,18906.4080193611,12815.0627188337,5413.7836639759,5379.51350060407,5440.63855787295,5506.5226022333,5491.16668762066,5391.74742538123,5349.49534924846,5325.61011465129,5420.23791162333,5110.50169281285,20211.6207977773,12767.650888724,5407.85817069971,5370.32736974457,5392.96076118072,5538.09372355775,5513.18706687671,5390.49073710364,5284.29905917914,5282.80137689475,5352.19237422699,5246.55105887143,21497.5814281423,12186.4772007787,5299.78515540909,5307.23906542381,5365.65079621827,5317.79840867576,5315.03432154249,5378.28628313355,5290.19951656535,5206.72574327414,5200.79045187512,5099.28157754734,21271.3093027037,11940.0515228966,5254.38968447297,5248.36977945829,5329.40216264754,5295.25512905296,5268.0538302179,5224.65557806726,5200.78022340647,5190.89259100386,5094.60424917458,5042.32551532459,15015.84463691,7945.69572815169,5204.06304531203,5146.85889396056,5244.88308330214,5249.55764345199,5277.26788647783,5175.43416298594,5141.54213626597,5134.0686112218,5139.3680935732,4992.09554094935,15022.9311795583,8497.40189413649,5266.6413314792,5149.60337901512,5238.49283454026,5318.91277705544,5424.83148766036,5216.15998255233,5116.54731202536,5176.13805713165,5145.98102508741,4936.93597742218,4572.58592803918,4711.48762937836,5073.0649163091,5032.57208172762,5185.68328032845,5192.26528394412,5223.90581648292,5147.80452259547,5070.1687034512,4979.6754062385,4995.49890797089,4860.9058420516
,21,18926.1810168517,11825.0045536429,5399.44391192308,5434.45708194145,5503.19337357678,5546.94087514871,5536.73063870343,5435.83414012809,5353.86828520236,5237.07191807041,5157.41270276483,5044.13859393328,19604.3341380857,13295.7046289806,5431.05926548735,5397.17788712888,5461.50841237879,5528.29538047628,5510.46837019699,5395.28266184086,5356.37603416859,5353.18989969567,5442.9824088406,5138.19477183991,20969.707768187,13300.0417742656,5427.28374547122,5388.8633709952,5416.56409715889,5559.7079945402,5524.04093475539,5411.81264476422,5307.91158434844,5291.77268050973,5363.82570699124,5259.69460059296,22316.7158452573,12714.485598816,5311.58113632805,5324.57033058855,5370.62561658046,5336.12712286606,5336.63337837105,5390.96657534209,5299.18959368974,5225.9987703508,5212.01906359186,5112.71137446369,22164.8916578524,12436.9392458755,5270.353097422,5273.8975891791,5351.38228019544,5306.69183529786,5291.61172316995,5244.55653034186,5214.40743811933,5208.16632196418,5101.69919896756,5048.32477389362,15591.788003359,8160.78493587929,5207.41447567569,5159.77746422397,5256.43622540298,5269.36126966156,5282.84088144086,5197.3570790281,5163.05557976798,5148.76782809742,5152.98132077153,4991.53595684767,15597.2308636343,8740.19518143241,5277.2375256966,5168.00287132591,5249.79466559178,5330.58511541175,5439.1788411505,5224.20637634978,5129.26854781658,5194.31113917059,5161.41671418171,4945.67554401843,4577.55969296821,4720.41779186581,5086.75461561472,5039.07300302577,5177.79669229422,5217.76062999348,5229.45988843217,5158.80965412649,5080.4650819836,4991.11572597736,5006.54911735162,4875.19222556874
,22,19544.5852787776,12219.5994069237,5417.65336573485,5456.08832951687,5554.5604693302,5559.66264941493,5547.65848409724,5471.84726571397,5367.39027892874,5250.17359644218,5186.16349274624,5064.44313285696,20279.6603077957,13806.2047906817,5455.86990495771,5418.7830068992,5472.50998998241,5546.31265412875,5526.49072087641,5428.47214123117,5378.64419945308,5370.91570155175,5458.2127903182,5148.34432873481,21715.6673907834,13845.3506366835,5456.54467625993,5408.75570470703,5440.01072423904,5582.74684423919,5555.08208242522,5428.08484512827,5317.34167711574,5300.65681972523,5375.70644842516,5275.04567430231,23127.550032974,13228.4349707939,5343.27729002385,5341.84048566445,5391.89350548504,5364.29245001919,5354.45379441307,5407.09821162107,5314.63135567064,5235.35803526681,5235.08252498831,5125.8265007483,23011.7554315817,12977.8833335875,5280.04048553563,5290.16411402079,5363.83708175472,5315.015486696,5307.04669707898,5261.04330008434,5232.85185347902,5218.17712059413,5118.63798639236,5070.60396941815,16200.4581654961,8381.46174262843,5233.03044036375,5168.72110603649,5256.3725248237,5281.94484478914,5298.39960625743,5204.14916372558,5169.32626911558,5156.08758465581,5169.60147066324,5006.02793346183,16090.617092238,8983.1048391497,5301.01129010875,5175.77370843028,5258.25968507561,5339.12319360352,5440.42899071934,5242.7865334033,5143.90428003866,5196.51887808113,5170.61066469085,4961.90999964679,4589.24610218368,4729.78402451063,5096.49460607538,5067.4691494047,5196.46170883962,5214.44882184281,5251.06915052314,5173.19942253072,5088.03868835398,4997.4912347266,5016.7678032039,4879.33292281988
,23,20164.7734306218,12617.5601924173,5458.14072106293,5474.87349064271,5575.60444344383,5578.55302688504,5582.54892144235,5467.24620407564,5388.00429091429,5258.55649158323,5203.35954119971,5074.89660224468,20965.2571047214,14292.6838852255,5476.27830266168,5449.92230916924,5500.6955012913,5574.64001551623,5550.05785827742,5441.64923524842,5407.81691453838,5386.50383305796,5460.63905356493,5168.99669759616,22363.1561202211,14349.013676645,5473.11306869431,5430.25925463846,5459.06943028193,5618.54849762434,5572.59763609444,5448.79255934504,5340.70872713503,5324.9958151715,5397.43530369476,5292.53253929977,23850.3351073078,13772.9721799957,5359.33738108366,5357.17300551155,5402.07055867274,5380.65463717738,5363.78378212664,5425.9952765233,5331.66718805098,5270.71413232544,5236.08168772955,5135.82392723207,23837.0853298286,13506.4300462326,5301.69428736271,5311.89979178974,5373.7144531696,5329.93996027257,5316.13568152207,5280.97013071963,5248.84030237268,5229.37150505828,5134.46207531168,5076.2384520773,16763.7352808574,8626.45434392488,5244.53698685027,5189.17730694563,5280.02923871113,5297.47831129271,5314.49199871667,5221.55563078051,5191.90249905174,5176.28443918014,5173.33530411899,5009.30264823262,16669.7893382569,9223.37009883727,5312.3159987848,5194.38317819184,5271.65733190467,5349.49361477378,5461.41273466184,5254.55868262848,5153.29066474793,5207.37482680844,5177.28589069039,4967.4950455333,4595.85672641326,4740.00798962346,5122.31154823884,5066.26898811989,5221.59238803929,5242.10097132389,5268.69597305999,5184.26307825289,5109.14532512678,5009.16611406174,5020.57674691049,4889.61333848187
,24,20737.9868661725,13014.2875781178,5454.61327727465,5502.69610492913,5585.50116609763,5597.22039329562,5605.7584756503,5500.16346694667,5404.82751725603,5274.11337778903,5210.09042917549,5099.59926585686,21539.3646219856,14748.1714572392,5509.84209067391,5469.63763557868,5513.12890356042,5581.40952172091,5568.95676839325,5474.55595092712,5422.11764128154,5394.49704491467,5494.19660103659,5191.0813664468,23093.8210331834,14919.0475356164,5482.94798065861,5442.73145929359,5467.41919377014,5618.33437074417,5582.66035332706,5466.36766830279,5359.22743933579,5340.23467089542,5414.44103564189,5302.51797988427,24591.8608298615,14329.8611524535,5363.80180245565,5381.93795599472,5424.8980561904,5389.16113979304,5381.18130550848,5443.85741779813,5346.97274076279,5271.07657464219,5253.38147962965,5151.06156525449,24628.608873689,14075.8206256794,5323.98053012913,5325.40894511586,5408.3589849111,5349.38116039526,5338.10712362916,5289.03765107526,5259.9180207208,5243.21166128783,5147.03551559586,5089.60317372115,17337.9414512006,8848.17226054347,5265.67858068926,5206.80818140538,5292.48361927255,5307.63015332296,5331.89739416251,5232.15763786548,5200.30256030369,5183.16826678797,5192.90954971955,5024.03851985303,17239.5051519074,9469.13074130687,5323.38753598548,5197.05197882962,5287.28069544038,5372.26399165736,5463.43902467995,5268.91694564634,5159.80482815167,5217.11978642761,5191.22020715884,4968.21831163412,4603.25342684905,4744.16869565049,5130.32583113872,5078.77629106212,5218.00272872584,5244.96386687381,5277.81784958182,5186.46618647189,5115.18981313536,5031.06573063155,5037.33755693756,4896.69778053459
,25,21294.4598480717,13398.6154813419,5504.14800366234,5533.28642267082,5585.92774280292,5616.76746342448,5619.42391303839,5528.24905075379,5433.20389322196,5305.13162713017,5222.80179940504,5117.52598907753,22169.0689592714,15254.6577871917,5512.71773135294,5481.35905994412,5544.63620611706,5602.43380147472,5596.6532048819,5472.77164840164,5433.66528386482,5420.21177394855,5506.80831890247,5195.19154525122,23710.2874361327,15440.3092073591,5522.47857054153,5470.9535378216,5483.62844669681,5638.5267828504,5610.75491114585,5479.51528920453,5365.99870833989,5355.72403170931,5435.26300180944,5319.42207110445,25273.3406412308,14860.0890933635,5384.26446617881,5393.26149887705,5435.78307650217,5417.52338194103,5401.24679684315,5453.20968298411,5372.76930616824,5297.75241448654,5268.44383707045,5173.49619138461,25368.6993002023,14622.4082947518,5335.66803168323,5332.02093126556,5412.72505494483,5364.02650960073,5348.38944347031,5309.8127207404,5271.16260496876,5256.35982015687,5155.84009679915,5097.95097664141,17890.9652555372,9082.07861594763,5266.16272717445,5211.37463947073,5318.29419587782,5317.91924430512,5336.75504870853,5243.94968072424,5209.47373598848,5195.34615289182,5207.86482661988,5037.85553782443,17803.3286347746,9720.49799978599,5339.22509593892,5218.85462010823,5296.21910872584,5377.60450923741,5487.52898210632,5271.65891372805,5171.75878589464,5234.65030391661,5193.93032861833,4984.77936094985,4611.93369915201,4757.87352875474,5139.03793261643,5101.53677513068,5235.31943551584,5262.0145622629,5289.07872265139,5218.3479497367,5136.1378191097,5037.11268928528,5036.26087639451,4908.73520594419
,26,21866.9371001638,13792.3677656293,5516.48053850098,5540.09643582082,5629.58635268378,5645.66448640627,5644.85586667363,5538.12783194016,5456.4435329403,5328.42551392006,5234.96742002185,5123.14884892038,22793.9479963264,15768.981877981,5536.73046681021,5495.24785811442,5559.03588486254,5628.30681722582,5601.73895986376,5478.32636681985,5458.39481702594,5434.38325628258,5518.63845451591,5219.26569820445,24310.2581684574,15966.0627057749,5526.20263898898,5483.0908862211,5524.52991483187,5652.35067209127,5620.04199697154,5500.80622440852,5390.61525928281,5373.49594762574,5451.83846236841,5349.0146273068,25871.9892247674,15422.7606902066,5394.99681232596,5428.09918450257,5460.67221579464,5422.44130356436,5413.53392008933,5478.48477925571,5383.72398580456,5300.32944111986,5282.81259632751,5173.62449652286,26128.1082269931,15182.8164923187,5348.64068671888,5346.39933419133,5416.41632595449,5374.42139352921,5367.03579617868,5318.75547178455,5275.9069519379,5272.02548700257,5172.1405201226,5111.23097729202,18468.3313117966,9327.44011209089,5286.59750752222,5226.13184139236,5320.96468013657,5334.99008396159,5355.46076221341,5262.15060201485,5217.51681898763,5212.32586138866,5213.08444541831,5046.03350502328,18384.5028854594,9981.67911971062,5357.09418777823,5231.2968502145,5317.56549769955,5394.46618252735,5504.77795815888,5293.1805318192,5182.8495251099,5241.82699512511,5196.82724748796,4993.03612327274,4620.7010530667,4760.5838721129,5150.78490572007,5108.55608700152,5225.82262667457,5278.26904342596,5293.39479834294,5215.53004774815,5144.2124224169,5044.76719151978,5047.83737661084,4906.5321605347
,27,22364.3936316843,14153.4097101866,5531.15095242294,5558.92132434086,5654.92940934481,5654.58386609687,5660.45125756506,5565.4757036935,5459.72836397653,5339.251042929,5254.72359782077,5133.70636532414,23290.1483773153,16250.9154754362,5552.92113923825,5519.8502756636,5581.50204680156,5631.73185591246,5633.21699819456,5516.98986702806,5466.39819281401,5445.94879498852,5535.43465326029,5222.09784504046,24875.8227370866,16490.3136381117,5540.53098024004,5510.50211352012,5533.96228752996,5670.84658358088,5636.87888152621,5513.42612671078,5401.9241823259,5385.22677861971,5467.02933185327,5358.1765386747,26524.4985362255,15989.548844227,5420.29720336645,5427.76436378555,5475.25346182639,5440.30932621734,5439.21049283276,5485.28760584146,5399.45178261393,5319.45484404414,5293.83452531041,5188.74777385441,26841.695952958,15749.3416995274,5374.58106376016,5364.25377574581,5432.89617928825,5404.9909875469,5368.62321626575,5336.50180495665,5295.63544896547,5285.39585595331,5185.16566842508,5118.85006989421,19016.657677389,9581.80774579388,5293.36382869723,5244.00096829157,5346.2329256437,5342.62958057231,5377.84135447491,5268.94253282414,5226.44069711216,5222.36548321901,5227.19670668323,5073.5304221176,18992.4652606405,10275.6072002695,5361.42978583336,5245.1182663447,5328.9732231285,5406.26024052623,5513.38932819089,5302.08454755883,5193.53682152258,5255.00465188888,5220.38450433507,4999.90395057565,4625.23957536128,4770.43469874297,5161.59790814892,5117.11674821672,5248.78530859764,5286.14941135132,5311.89227935356,5227.35297165897,5158.72264829638,5059.66464614674,5055.70359576447,4921.20005610819
,28,22891.726482979,14561.579373016,5556.03677582898,5577.40686063988,5659.83166871322,5661.17323341774,5681.25699266509,5578.64784937215,5473.22194268361,5349.37239304819,5271.76381543419,5153.71228765659,23909.8367047595,16740.6634594897,5573.90796142553,5547.33717457684,5609.97309641362,5651.85185067489,5633.97088237725,5540.38831124378,5497.30510630222,5469.42958307672,5556.08865880925,5240.52017736635,25476.8056197994,17044.6973574075,5558.74588512269,5525.91771843624,5551.24876066116,5697.60376398518,5664.18218807401,5531.77557067995,5417.11413549078,5407.27023312358,5482.09444884412,5368.84595205776,27126.1847331406,16558.3638748194,5429.46587863256,5444.06466058831,5492.08583439095,5466.2242260704,5449.40092676984,5505.86792110838,5413.15355490799,5342.52601718153,5308.42633510916,5207.15534002606,27503.6138910536,16340.59845392,5384.53419911461,5385.55814830001,5457.30074372598,5416.43677812395,5384.99596669746,5347.65497632947,5305.07652623481,5297.33884534265,5195.9911916625,5133.89279593515,19529.4279686216,9829.86070338924,5307.58236012307,5256.13929274077,5350.53453883018,5356.87511306116,5386.7613641111,5279.84579429143,5231.6088836365,5227.869908269,5234.98158061359,5071.89520711057,19540.0087488025,10451.9571041377,5371.05443647799,5260.46274318648,5341.51577464489,5415.27989891429,5528.37235971786,5309.18072486052,5208.45020046956,5264.00900277945,5218.64593424588,5015.72879217362,4631.3846998484,4789.4056632333,5186.5958608573,5132.85476134411,5261.86920742732,5298.46862852453,5323.98733309898,5247.48026098841,5167.74049903144,5074.81442757074,5068.751808364,4934.93653438427
,29,23383.1536315147,14947.2126941391,5572.52420676762,5607.71977200264,5688.64855686545,5686.17505447597,5682.73235159498,5601.08175604289,5483.77795236964,5367.01171345203,5294.71293392214,5162.26885522692,24419.8723411959,17239.716803627,5598.73700210146,5543.83220866539,5612.18179428147,5672.95352247539,5668.82541427191,5541.59269963364,5498.14583265297,5497.35284066879,5573.36811764754,5260.26042141709,25978.2004445029,17590.9744542337,5584.56780486841,5534.90168599152,5561.35195527247,5712.02008749158,5681.2577228213,5553.13223247259,5426.23057592628,5419.71055498745,5495.49863168645,5387.09983085089,27599.2279542228,17101.8489166423,5456.00416820154,5459.11930756024,5498.05905854068,5469.49278352895,5456.06070998364,5520.76667604776,5427.61680278168,5350.2692612943,5324.87923211046,5226.1890487281,28102.4922775183,16906.6839549923,5386.93041623286,5391.81904934413,5478.06742430008,5429.38063407234,5409.19703574075,5345.93326278226,5313.73196525331,5309.37505793572,5206.54087536639,5150.40757908639,20061.284509781,10075.1425545623,5326.52660785005,5257.0498731152,5351.17187269887,5376.64453950321,5391.74224454179,5295.5755928025,5251.65114326901,5234.99512986702,5241.08625303485,5080.74418121612,20080.3875036281,10731.1983042516,5388.34028468362,5277.63677450415,5353.89746450564,5431.87150379646,5528.34543171267,5335.57354637535,5218.76859497622,5268.81195850985,5234.06358820876,5017.20637489458,4649.33520706075,4789.00522293784,5177.91019233728,5135.73079009169,5283.31634771306,5299.72187814035,5337.61859923807,5258.95152268259,5183.33990414373,5083.31469708739,5083.8064245197,4936.48838406026
,30,23827.0300037684,15311.9509570887,5594.2357741488,5618.45059465444,5699.8033483251,5704.0939212001,5704.49419589012,5617.08432177636,5506.48799571478,5373.71220003719,5293.63915415454,5180.82615245209,24889.9590536113,17718.7773435141,5619.9496400354,5565.96330445356,5627.19936661143,5700.22440459753,5671.68915484713,5565.72165538375,5528.88811003918,5506.85534942998,5585.28959527763,5281.11994159094,26458.7314006343,18116.2316626298,5598.23391907843,5555.82695689031,5576.80637520133,5716.68052236973,5699.83616395535,5566.13578313904,5447.07022536915,5430.14181733971,5510.594566943,5390.47702805006,28081.7184690212,17638.6005620155,5470.00015277119,5475.97088279524,5531.24917326472,5492.45408497486,5473.68646074825,5525.07900755207,5434.41002476405,5369.69335677924,5335.70086079422,5239.63852868725,28659.7962726966,17484.542793803,5412.47249566412,5411.84267376115,5483.68321169184,5442.03469795922,5418.80861455893,5370.66171391261,5333.87291341763,5320.55286493055,5215.80866043769,5147.91842538205,20541.638001237,10333.8539736367,5348.68484893006,5270.29165773587,5375.67080552918,5382.91607277547,5402.77915427343,5307.86099185079,5263.21555241184,5242.09223474236,5250.05504519363,5087.94372252119,20607.3013853392,11000.2833633171,5394.96119426458,5276.57701701571,5353.67606743092,5439.19165462916,5542.0766306406,5331.84578116835,5228.59032840063,5282.34807858605,5244.46020374417,5029.04516128639,4652.72600128034,4795.34024602534,5198.40708157429,5160.31283898794,5283.67029202347,5309.33411515601,5348.06702721489,5265.96327638399,5178.43815375273,5088.70723188826,5085.60984504316,4945.46285331429
,31,24246.3119295887,15692.5284708856,5621.07522302814,5622.24240773179,5717.16203292859,5733.13514085311,5709.92805479334,5639.70130254361,5524.0300670169,5394.30445834164,5306.63077315514,5185.67678995767,25366.1651595284,18187.4446263186,5629.72950082153,5595.67130548481,5655.24580670447,5708.71990385065,5699.40906536394,5589.63806852382,5542.30312985936,5520.05484032237,5603.80873721371,5293.94976110789,26913.9040543081,18616.5967636682,5622.6677373973,5567.0032412136,5586.90531813641,5749.38346223498,5717.28105158005,5582.67215119299,5463.31444560592,5456.9165911995,5529.79681932018,5413.38229845034,28537.9211322117,18176.7336205472,5489.75824462178,5491.05839366406,5531.85362841078,5495.35115338935,5492.22301566327,5547.58486935757,5459.68338258087,5370.01831856552,5356.47659928696,5238.16768073333,29233.0419947941,18082.7101114227,5422.54775806759,5421.87485972827,5517.28935848804,5451.0855859567,5424.56058075677,5378.21859594571,5351.37448654896,5331.37361190343,5222.86734705103,5165.76425098815,21004.0740867793,10604.1661040143,5351.1169012695,5285.21693053455,5401.17495374396,5405.22403594795,5414.98199767009,5315.68839380197,5273.45748827743,5261.67308336715,5273.31195794003,5089.28510252928,21140.8625730697,11282.435597687,5413.06953500448,5287.06034774966,5380.30910574836,5448.79995988123,5556.63675813482,5343.97133549443,5238.09491356153,5290.66981052534,5256.70396387751,5034.77153257112,4660.72168941152,4800.43129763107,5217.56208349007,5153.40839047455,5315.78362830138,5326.38178161878,5360.07350870215,5276.76595499328,5196.67734907149,5095.66666398109,5099.66110827581,4947.11894320067
